rank,name,birthplace,height,weight,rating
1,Christophe Agius,"Souffelweyersheim, Frankreich",,,9.79
2,Kenta Kobashi,"Fukuchiyama, Kyoto, Japan",186,115,9.73
3,Mitsuharu Misawa,"Yubari, Hokkaido, Japan",185,110,9.72
4,Manami Toyota,"Masuda, Shimane, Japan",168,72,9.7
5,Kazuchika Okada,"Anjo, Aichi, Japan",191,107,9.69
6,Toshiaki Kawada,"Fujioka, Tochigi, Japan",183,105,9.68
7,Hiroshi Tanahashi,"Ogaki, Gifu, Japan",181,101,9.68
8,Jaguar Yokota,"Tokyo, Japan",159,58,9.65
9,Jumbo Tsuruta,"Yamanashi, Japan",194,127,9.64
10,Mayu Iwatani,"Mine, Yamaguchi, Japan",163,53,9.64
11,Meiko Satomura,"Niigata, Japan",157,68,9.63
12,Akira Hokuto,"Yoshikawa, Saitama, Japan",168,63,9.62
13,Hiroyuki Unno,"Hatogaya, Saitama, Japan",173,76,9.62
14,Shawn Michaels,"Chandler, Arizona, USA",185,103,9.61
15,Takumi Iroha,"Fukuoka, Japan",170,72,9.59
16,Jushin Thunder Liger,"Hiroshima, Japan",170,92,9.59
17,Arisa Nakajima,"Chichibu, Saitama, Japan",160,60,9.57
18,Lou Thesz,"Barnat, Michigan, USA",185,102,9.56
19,Megumi Kudo,"Koshiyaga, Saitama, Japan",162,60,9.56
20,Rikidozan,"South Hamgyong, Korea",176,116,9.54
21,Toshiyo Yamada,"Saitama, Japan",168,70,9.53
22,Paul Heyman,"Scarsdale, New York, USA",180,106,9.53
23,Chris Jericho,"Manhasset, New York, USA",180,103,9.53
24,Bobby Heenan,"Chicago, Illinois, USA",183,105,9.51
25,El Santo,"Tulancingo, Hidalgo, Mexiko",175,95,9.51
26,ASUKA,"Yokohama, Kanagawa, Japan",174,67,9.51
27,Undertaker,"Houston, Texas, USA",208,136,9.51
28,Io Shirai,"Kamakura, Kanagawa, Japan",156,55,9.51
29,Eddie Guerrero,"El Paso, Texas, USA",172,100,9.49
30,Minoru Suzuki,"Yokohama, Kanagawa, Japan",178,102,9.49
31,Tetsuya Naito,"Tokyo, Japan",180,102,9.49
32,Destroyer,"Buffalo, New York, USA",178,110,9.48
33,Katsuyori Shibata,"Kuwana, Mie, Japan",183,95,9.48
34,Tomohiro Ishii,"Kawasaki, Kanagawa, Japan",170,100,9.48
35,Steve Austin,"Austin, Texas, USA",188,116,9.47
36,First Tiger Mask,"Shimonoseki, Yamaguchi, Japan",173,98,9.47
37,Billy Robinson,"Manchester, England, UK",188,110,9.46
38,AJ Styles,"Jacksonville, North Carolina, USA",180,99,9.46
39,Kenny Omega,"Transcona, Manitoba, Canada",183,99,9.46
40,WALTER,"Wien, Österreich",193,134,9.46
41,Daniel Bryan,"Aberdeen, Washington, USA",173,95,9.45
42,Kurt Angle,"Pittsburgh, Pennsylvania, USA",178,100,9.45
43,Hiromu Takahashi,"Hachioji, Tokyo, Japan",171,88,9.45
44,Gene Okerlund,"Robbinsdale, Minnesota, USA",175,72,9.42
45,Cesar Duran,"Madrid, Spanien",,,9.42
46,Bret Hart,"Calgary, Alberta, Canada",183,107,9.42
47,Karl Gotch,"Antwerpen, Antwerpen, Belgien",184,110,9.42
48,Johnny Saint,"Failsworth, Greater Manchester, England, UK",174,70,9.42
49,Kota Ibushi,"Kagoshima, Japan",181,93,9.42
50,Gorgeous George,"Butte, Nebraska, USA",173,94,9.41
51,Asuka,"Osaka, Japan",160,62,9.41
52,Howard Finkel,"New York City, New York, USA",173,76,9.4
53,Chigusa Nagayo,"Omura, Nagasaki, Japan",165,83,9.4
54,CM Punk,"Chicago, Illinois, USA",183,99,9.39
55,Bruno Sammartino,"Pizzoferrato, Abruzzen, Italien",178,120,9.39
56,Ricky Steamboat,"West Point, New York, USA",178,107,9.38
57,Negro Casas,"Mexico City, Distrito Federal, Mexiko",170,76,9.38
58,Edge,"Orangeville, Ontario, Canada",193,108,9.37
59,Naomichi Marufuji,"Saitama, Japan",176,90,9.37
60,Kento Miyahara,"Fukuoka, Japan",186,102,9.37
61,Kairi Sane,"Hikari, Yamaguchi, Japan",155,52,9.34
62,Takuya Nomura,"Tochigi, Japan",176,92,9.34
63,Buddy Rogers,"Camden, New Jersey, USA",183,107,9.33
64,Masashi Takeda,"Machida, Tokyo, Japan",170,85,9.33
65,Curt Hennig,"Minneapolis, Minnesota, USA",190,118,9.31
66,Keiji Muto,"Fujiyoshida, Yamanashi, Japan",188,110,9.3
67,Jim Ross,"Fort Bragg, California, USA",183,110,9.29
68,Shingo Takagi,"Chuo, Yamanashi, Japan",178,95,9.29
69,Stan Hansen,"Knox City, Texas, USA",192,138,9.28
70,Terry Funk,"Hammond, Indiana, USA",185,112,9.28
71,Kagetsu,"Settsu, Osaka, Japan",159,62,9.28
72,Aja Kong,"Tokyo, Japan",165,103,9.28
73,Go Shiozaki,"Kumamoto, Japan",183,110,9.28
74,Masaaki Mochizuki,"Tokyo, Japan",175,85,9.28
75,Yuji Okabayashi,"Nankoku, Kochi, Japan",175,120,9.28
76,Shinya Hashimoto,"Toki, Gifu, Japan",183,135,9.27
77,Arisa Hoshiki,"Funabashi, Chiba, Japan",167,52,9.27
78,Daisuke Sekimoto,"Osaka, Japan",175,115,9.27
79,Hyper Misao,"Ibaraki, Japan",164,,9.26
80,Ben-K,"Sakura, Chiba, Japan",174,99,9.26
81,Jun Akiyama,"Izuki, Osaka, Japan",188,110,9.26
82,Katsuhiko Nakajima,"Fukuoka, Japan",175,87,9.26
83,Owen Hart,"Calgary, Alberta, Canada",178,103,9.25
84,Yoshiaki Fujiwara,"Kitakami, Iwate, Japan",185,108,9.24
85,King Nakamura,"Mineyama, Kyoto, Japan",188,100,9.24
86,Takashi Sugiura,"Nagoya, Aichi, Japan",178,89,9.24
87,Mizuki,"Kobe, Hyogo, Japan",158,40,9.24
88,Rey Fenix,"Mexico City, Distrito Federal, Mexiko",177,75,9.23
89,Cesaro,"Luzern, Schweiz",195,110,9.23
90,Yuki Ueno,"Osaka, Japan",174,78,9.23
91,Hayabusa,"Yatsushiro, Kumamoto, Japan",183,106,9.22
92,The Rock,"Hayward, California, USA",193,120,9.22
93,Nigel McGuinness,"London, Greater London, England, UK",185,102,9.22
94,Nick Bockwinkel,"St. Paul, Minnesota, USA",178,120,9.2
95,Penta El Zero Miedo,"Mexico City, Distrito Federal, Mexiko",180,91,9.2
96,Chris Hero,"Dayton, Ohio, USA",193,122,9.2
97,Rina Yamashita,"Kagoshima, Japan",165,77,9.2
98,Rick Knox,"Riverside, California, USA",,,9.19
99,Stu Hart,"Saskatoon, Saskatchewan, Canada",178,105,9.19
100,Shuji Ishikawa,"Oshu, Iwate, Japan",195,130,9.19
101,Gordon Solie,"Minneapolis, Minnesota, USA",,,9.18
102,Genichiro Tenryu,"Katsuyama, Fukui, Japan",189,120,9.18
103,CIMA,"Sakai, Osaka, Japan",174,82,9.18
104,Mick Foley,"Bloomington, Indiana, USA",188,135,9.17
105,Kevin Owens,"Saint-Jean-sur-Richelieu, Quebec, Canada",180,120,9.17
106,Yuko Miyamoto,"Hatsukaichi, Hiroshima, Japan",175,90,9.17
107,Tsukasa Fujimoto,"Sendai, Miyagi, Japan",158,48,9.17
108,Sami Zayn,"Laval, Quebec, Canada",185,96,9.16
109,Austin Aries,"Milwaukee, Wisconsin, USA",175,91,9.15
110,Jake Lee,"Kitami, Hokkaido, Japan",192,110,9.13
111,Kensuke Sasaki,"Fukuoka, Japan",180,115,9.12
112,Randy Savage,"Columbus, Ohio, USA",186,106,9.11
113,YAMATO,"Ichinoseki, Iwate, Japan",172,82,9.11
114,Hiroshi Hase,"Oyabe, Toyama, Japan",183,105,9.1
115,Dynamite Kid,"Golborne, Lancashire, England, UK",173,104,9.1
116,Jun Kasai,"Obihiro, Hokkaido, Japan","173,5","91,5",9.1
117,Ric Flair,"Memphis, Tennessee, USA",180,110,9.1
118,Bandido,"Torreon, Coahuila, Mexiko",170,83,9.09
119,Pete Dunne,"Birmingham, West Midlands, England, UK",179,93,9.09
120,Yuji Nagata,"Togane, Chiba, Japan",183,108,9.09
121,Gorilla Monsoon,"New York City, New York, USA",198,182,9.08
122,Dragon Lee,"Tala, Jalisco, Mexiko",171,75,9.08
123,Samoa Joe,"Orange County, California, USA",188,127,9.08
124,Vince McMahon,"New York City, New York, USA",185,100,9.07
125,Mike Quackenbush,"West Lawn, Pennsylvania, USA",183,87,9.07
126,Sting,"Omaha, Nebraska, USA",191,114,9.07
127,Maya Yukihi,"Chiba, Japan",164,57,9.06
128,Great Sasuke,"Morioka, Iwate, Japan",176,86,9.06
129,Fuminori Abe,"Setagaya, Tokyo, Japan",173,78,9.06
130,Mauro Ranallo,"Mount Lehman, Abbotsford, British Columbia, Canada",174,78,9.05
131,Ted DiBiase,"Miami Beach, Florida, USA",191,112,9.05
132,Keith Lee,"Wichita Falls, Texas, USA",188,151,9.05
133,Miyu Yamashita,"Fukuoka, Japan",165,,9.04
134,HARASHIMA,"Ome, Tokyo, Japan",178,90,9.03
135,Mayumi Ozaki,"Kawaguchi, Saitama, Japan",158,57,9.02
136,Momo Watanabe,"Sagamihara, Kanagawa, Japan",156,53,9.02
137,Trish Stratus,"Richmond Hill, Ontario, Canada",162,54,9.01
138,KENTA,"Souka, Saitama, Japan",174,85,9.01
139,Hana Kimura,"Yokohama, Kanagawa, Japan",164,58,9
140,Jesse Ventura,"Minneapolis, Minnesota, USA",193,123,9
141,Freddie Blassie,"St. Louis, Missouri, USA",178,100,9
142,Nobuhiko Takada,"Yokohama, Kanagawa, Japan",183,100,9
143,Tsukushi Haruka,"Kamisu, Ibaraki, Japan",146,44,9
144,Johnny Gargano,"Lakewood, Ohio, USA",178,90,9
145,Renee Young,"Ajax, Ontario, Canada",164,,8.99
146,Harley Race,"Kansas City, Missouri, USA",185,115,8.99
147,Will Ospreay,"Rainham, Essex, England, UK",185,100,8.99
148,Akira Taue,"Chichibu, Saitama, Japan",192,120,8.99
149,Tyler Bate,"Netherton, Dudley, West Midlands, England, UK",170,79,8.98
150,Alex Shelley,"Detroit, Michigan, USA",175,90,8.95
151,Demonic Flamita,"Ciudad Nezahualcoyotl, Estado de Mexico, Mexiko",170,75,8.95
152,Masato Tanaka,"Wakayama, Japan",181,90,8.95
153,Reo Hazuki,"Fukuoka, Japan",154,52,8.94
154,Vader,"Lynwood, California, USA",190,170,8.94
155,Charles Robinson,"Charlotte, North Carolina, USA",170,68,8.94
156,Bryce Remsburg,"Palmyra, Pennsylvania, USA",168,66,8.94
157,Shotaro Ashino,"Nishitokyo, Tokyo, Japan",174,85,8.94
158,Nanae Takahashi,"Kawaguchi, Saitama, Japan",165,65,8.94
159,Kushida,"Tokyo, Japan",175,85,8.94
160,Steve Wright,"Warrington, Cheshire, England, UK",185,95,8.93
161,Andrade El Idolo,"Gomez Palacio, Durango, Mexiko",180,95,8.93
162,Kyle O'Reilly,"Surrey, British Columbia, Canada",180,91,8.93
163,Chris Benoit,"Montreal, Quebec, Canada",175,101,8.92
164,Jacob Fatu,"California, USA",187,136,8.92
165,Jungle Kyona,"Nagoya, Aichi, Japan",156,62,8.92
166,Syuri,"Ebina, Kanagawa, Japan",162,52,8.92
167,Akito,"Nagoya, Aichi, Japan",175,84,8.92
168,Ares,"Zürich, Schweiz",180,98,8.91
169,Wesna,"Berlin, Deutschland",175,89,8.91
170,Shun Skywalker,"Toki, Gifu, Japan",180,85,8.91
171,Michael Buffer,"Philadelphia, Pennsylvania, USA",183,,8.89
172,Shoko Nakajima,"Niigata, Japan",147,,8.88
173,Paul Bearer,"Mobile, Alabama, USA",180,109,8.87
174,Yuji Hino,"Hirakata, Osaka, Japan",178,120,8.87
175,Konosuke Takeshita,"Osaka, Japan",187,99,8.87
176,Ultimo Dragon,"Nagoya, Aichi, Japan",172,83,8.86
177,El Hijo del Santo,"Mexico City, Distrito Federal, Mexiko",169,73,8.85
178,Takashi Sasaki,"Osaka, Japan",177,90,8.84
179,Tatsumi Fujinami,"Kunisaki, Oita, Japan",183,105,8.83
180,Mike Chioda,"Willingboro Township, New Jersey, USA",183,80,8.82
181,Kyoko Inoue,"Nanyo, Yamagata, Japan",166,108,8.82
182,Emi Sakura,"Chiba, Japan",158,70,8.82
183,Chihiro Hashimoto,"Sakai, Fukui, Japan",158,85,8.82
184,Otto Wanz,"Graz, Steiermark, Österreich",189,175,8.81
185,Lacey,"Minneapolis, Minnesota, USA",168,59,8.81
186,Yuki Ishikawa,"Odawara, Kanagawa, Japan",178,95,8.81
187,Seth Rollins,"Buffalo, Iowa, USA",187,93,8.8
188,Melissa Santos,Nicaragua,160,52,8.8
189,Hikaru Shida,"Samukawa, Kanagawa, Japan",165,60,8.79
190,Ilja Dragunov,"Moskau, Russland",175,85,8.79
191,Ryo Mizunami,"Nagoya, Aichi, Japan",160,67,8.78
192,Doug Williams,"Reading, Berkshire, England, UK",182,110,8.77
193,Naruki Doi,"Ikoma, Nara, Japan",172,82,8.77
194,Kenou,"Tokushima, Japan",174,95,8.77
195,Antonio Inoki,"Yokohama, Kanagawa, Japan",190,102,8.76
196,Christopher Daniels,"Kalamazoo, Michigan, USA",180,95,8.76
197,Ryuji Ito,"Takizawa, Iwate, Japan",185,95,8.76
198,Zack Sabre Jr.,"Isle of Sheppey, Kent, England, UK",183,85,8.76
199,Kay Lee Ray,"Glasgow, Scotland, UK",173,51,8.76
200,PAC,"Newcastle upon Tyne, Tyne and Wear, England, UK",172,88,8.75
201,Tetsuya Endo,"Shiroishi, Miyagi, Japan",180,88,8.75
202,Low Ki,"New York City, New York, USA",173,80,8.74
203,Dragon Kid,"Tokai, Aichi, Japan",162,70,8.74
204,Risa Sera,"Sera, Hiroshima, Japan",167,60,8.74
205,Tommaso Ciampa,"Everett, Massachusetts, USA",183,93,8.73
206,Rosemary,"Winnipeg, Manitoba, Canada",170,68,8.73
207,Konami,"Fukuyama, Hiroshima, Japan",156,55,8.73
208,Shigehiro Irie,"Osaka, Japan",173,115,8.72
209,Isami Kodaka,"Yokohama, Kanagawa, Japan",172,75,8.72
210,Tracy Williams,"New York City, New York, USA",188,84,8.72
211,Martin Kirby,"Thirsk, North Yorkshire, England, UK",180,82,8.71
212,BxB Hulk,"Sapporo, Hokkaido, Japan",178,78,8.71
213,Timothy Thatcher,"Sacramento, California, USA",190,102,8.71
214,Eita,"Nagano, Japan",170,75,8.7
215,Madison Eagles,"Sydney, New South Wales, Australia",185,75,8.69
216,Atsushi Onita,"Nagasaki, Japan",181,77,8.69
217,Christian Cage,"Kitchener, Ontario, Canada",185,95,8.69
218,Satoshi Kojima,"Tokyo, Japan",183,108,8.69
219,Ayako Hamada,"Mexico City, Distrito Federal, Mexiko",162,65,8.68
220,William Regal,"Codsall Wood, Staffordshire, England, UK",187,111,8.68
221,Cheerleader Melissa,"Los Angeles, California, USA",173,65,8.68
222,Dean Malenko,"Irvington, New Jersey, USA",172,98,8.68
223,Finn Balor,"Bray, County Wicklow, Ireland",180,87,8.68
224,Yuka Sakazaki,Japan,158,58,8.67
225,Sara Amato,"Martinez, California, USA",175,68,8.66
226,Cameron Grimes,"Cameron, North Carolina, USA",183,100,8.66
227,Kaito Kiyomiya,"Saitama, Japan",180,98,8.66
228,Sarah Stock,"Winnipeg, Manitoba, Canada",168,57,8.65
229,Akira Maeda,"Osaka, Japan",192,115,8.64
230,Zenshi,"Atlanta, Georgia, USA",175,78,8.64
231,Kazushi Sakuraba,"Katagami, Akita, Japan",180,85,8.64
232,Nick Jackson,"Hesperia, California, USA",178,81,8.63
233,Joel Gertner,"New York City, New York, USA",170,86,8.62
234,Kzy,"Ebetsu, Hokkaido, Japan",172,75,8.62
235,Sasha Banks,"Fairfield, California, USA",164,52,8.62
236,Riddle,"Allentown, Pennsylvania, USA",188,98,8.62
237,Hiroyo Matsumoto,"Hiratsuka, Kanagawa, Japan",167,70,8.61
238,Triple H,"Nashua, New Hampshire, USA",193,116,8.61
239,Shuji Kondo,"Shizuoka, Japan",173,103,8.6
240,Beth Phoenix,"Elmira, New York, USA",170,70,8.6
241,Hachiman,"Kitahiroshima, Hokkaido, Japan",191,113,8.6
242,Naoya Nomura,"Kanazawa, Ishikawa, Japan",185,105,8.6
243,Saki Akai,"Kyoto, Japan",174,53,8.6
244,Koji Kanemoto,"Kobe, Hyogo, Japan",180,83,8.59
245,Masada,"Beaumont, Texas, USA",183,111,8.59
246,Bull Nakano,"Kawaguchi, Saitama, Japan",170,115,8.58
247,Truth Martini,"Hamtrack, Michigan, USA",173,89,8.58
248,Tony Deppen,"Shamokin, Pennsylvania, USA",169,75,8.58
249,Dory Funk Jr.,"Amarillo, Texas, USA",188,115,8.58
250,Ricochet,"Alton, Illinois, USA",175,85,8.58
251,Matt Jackson,"Rancho Cucamonga, California, USA",178,78,8.58
252,Mike Bailey,"Laval, Quebec, Canada",173,79,8.58
253,JT Dunn,"Providence, Rhode Island, USA",178,80,8.57
254,Tam Nakano,"Aichi, Japan",157,56,8.57
255,Taiji Ishimori,"Tagajo, Miyagi, Japan",163,75,8.57
256,Dave Prazak,"Chicago, Illinois, USA",170,66,8.56
257,Mil Mascaras,"San Luis Potosi, Mexiko",180,105,8.56
258,Jay Briscoe,"Salisbury, Maryland, USA",185,106,8.56
259,Masato Yoshino,"Higashiosaka, Osaka, Japan",172,75,8.56
260,Steve Douglas,"Meerane, Sachsen, Deutschland",185,94,8.55
261,David Starr,"Philadelphia, Pennsylvania, USA",180,96,8.54
262,Masahiro Chono,"Seattle, Washington, USA",186,96,8.54
263,Oney Lorcan,"Boston, Massachusetts, USA",185,88,8.54
264,Scott Hall,"Londontowne, Maryland, USA",195,120,8.53
265,Osamu Nishimura,"Tokyo, Japan",186,105,8.53
266,Minoru Tanaka,"Komaki, Aichi, Japan",175,76,8.53
267,Davey Boy Smith,"Manchester, England, UK",180,122,8.52
268,Sensational Sherri,"New Orleans, Louisiana, USA",170,63,8.52
269,Joe E. Legend,"Toronto, Ontario, Canada",190,121,8.52
270,Magnum TA,"Tidewater, Virginia, USA",186,109,8.52
271,Marty Scurll,"Littleport, Cambridgeshire, England, UK",175,83,8.52
272,Kazusada Higuchi,"Monbetsu, Hokkaido, Japan",185,110,8.52
273,Hirooki Goto,"Kuwana, Mie, Japan",182,103,8.52
274,Becky Lynch,"Dublin, Ireland",168,59,8.52
275,Daisuke Harada,"Suita, Osaka, Japan",169,80,8.52
276,Sarray,"Tokyo, Japan",158,60,8.52
277,Roddy Piper,"Saskatoon, Saskatchewan, Canada",183,104,8.51
278,Raven,"Philadelphia, Pennsylvania, USA",182,115,8.51
279,Lita,"Fort Lauderdale, Florida, USA",170,61,8.51
280,Davey Richards,"Othello, Washington, USA",172,92,8.51
281,Danshoku Dino,"Setoda, Hiroshima, Japan",179,105,8.5
282,Jon Moxley,"Cincinnati, Ohio, USA",188,102,8.5
283,Jay White,"Auckland, New Zealand",186,100,8.5
284,Tony Chimel,"Cherry Hill, New Jersey, USA",185,102,8.49
285,Dr. Wagner Jr,"Torreon, Coahuila, Mexiko",177,98,8.49
286,LA Park,"Torreon, Coahuila, Mexiko",185,136,8.49
287,AZM,"Tokyo, Japan",155,45,8.49
288,Brian Pillman,"Norwood, Ohio, USA",178,103,8.48
289,James Mason,"London, England, UK",180,100,8.48
290,Cara Noir,"Romford, Essex, England, UK",182,90,8.48
291,Ember Moon,"Dallas, Texas, USA",157,55,8.48
292,Thommy Giesen,"Moers, Nordrhein-Westfalen, Deutschland",,,8.47
293,Dave Penzer,"Atlanta, Georgia, USA",170,86,8.47
294,Toni Storm,"Auckland, New Zealand",168,65,8.47
295,Robbie Brookside,"Liverpool, Merseyside, England, UK",188,93,8.47
296,Adam Cole,"Panama City, Florida, USA",180,95,8.47
297,Rick Rude,"Robbinsdale, Minnesota, USA",191,114,8.46
298,Arn Anderson,"Rome, Georgia, USA",183,114,8.46
299,Steve Williams,"Lakewood, Colorado, USA",188,119,8.45
300,SUGI,"Fukuroi, Shizuoka, Japan",165,65,8.45
301,John Silver,"Wantagh, New York, USA",163,68,8.45
302,Rush,"Tala, Jalisco, Mexiko",183,93,8.45
303,Akira Tozawa,"Nishinomiya, Hyogo, Japan",170,71,8.45
304,MAO,"Osaki, Miyagi, Japan",177,80,8.45
305,Michael Kovac,"Linz, Oberösterreich, Österreich",180,104,8.44
306,Drake Younger,"Indianapolis, Indiana, USA",175,82,8.44
307,Josh Alexander,"Bolton, Ontario, Canada",185,109,8.44
308,Dakota Kai,"Auckland, New Zealand",165,58,8.44
309,Gabe Sapolsky,"Brookline, Massachusetts, USA",173,,8.42
310,Vince McMahon,"Pinehurst, North Carolina, USA",187,110,8.42
311,Chris Dickinson,"New York City, New York, USA",178,107,8.42
312,Ultimo Guerrero,"Gomez Palacio, Durango, Mexiko",173,93,8.42
313,John Klinger,"Bitburg, Rheinland-Pfalz, Deutschland",180,104,8.42
314,Ari Sterling,"Lexington, Kentucky, USA",186,84,8.42
315,John Morrison,"Palos Verdes, California, USA",185,96,8.42
316,Art Barr,"Portland, Oregon, USA",185,109,8.41
317,Malakai Black,"Alkmaar, Nordholland, Niederlande",180,96,8.41
318,Johnny Moss,"Egremont, England, UK",180,100,8.4
319,Santos Escobar,"Mexico City, Distrito Federal, Mexiko",180,90,8.4
320,Yukio Sakaguchi,"Tokyo, Japan",177,79,8.4
321,Natsupoi,"Yokohama, Kanagawa, Japan",150,47,8.4
322,Starlight Kid,Japan,150,45,8.39
323,Susumu Yokosuka,"Yokosuka, Kanagawa, Japan",173,77,8.39
324,Mark Haskins,"Oxford, England, UK",170,75,8.39
325,Adam Page,"Aaron's Creek, Virginia, USA",182,97,8.39
326,James Mitchell,"Orlando, Florida, USA",175,95,8.38
327,Gran Metalik,"Guadalajara, Jalisco, Mexiko",176,80,8.37
328,Tony St. Clair,"Bolton, England, UK",186,111,8.36
329,Bam Bam Bigelow,"Secaucus, New Jersey, USA",191,164,8.36
330,Riki Choshu,"Tokuyama, Yamaguchi, Japan",184,120,8.36
331,Super Dragon,"Los Angeles, California, USA",183,102,8.36
332,Jeff Cobb,"Honolulu, Hawaii, USA",178,119,8.36
333,Tegan Nox,"Bargoed, Wales, UK",167,64,8.36
334,Zeus,"Osaka, Japan",181,105,8.36
335,Verne Gagne,"Robbinsdale, Minnesota, USA",180,98,8.35
336,Jack Gallagher,"Manchester, England, UK",173,86,8.35
337,Finlay,"Greenisland, Carrickfergus, Northern Ireland, UK",178,106,8.35
338,Tomoaki Honma,"Higashine, Yamagata, Japan",181,98,8.35
339,MJF,"New York, USA",180,93,8.35
340,Kris Wolf,"Chicago, Illinois, USA",155,51,8.33
341,Superstar Billy Graham,"Paradise Valley, Arizona, USA",195,125,8.33
342,Victoria,"San Bernadino, California, USA",178,67,8.32
343,Andrew Everett,"Burlington, North Carolina, USA",175,77,8.32
344,Giant Baba,"Niigata, Japan",209,135,8.31
345,Gail Kim,"Toronto, Ontario, Canada",162,55,8.31
346,Milano Collection AT,"Morioka, Iwate, Japan",183,80,8.31
347,Awesome Kong,"Carson, California, USA",178,125,8.31
348,Fabian Aichner,"Pfalzen, Südtirol, Italien",184,100,8.31
349,Suwama,"Fujisawa, Kanagawa, Japan",188,120,8.31
350,Kimber Lee,"Seattle, Washington, USA",162,54,8.31
351,Peter William,"Berlin, Deutschland",,,8.3
352,ACH,"Austin, Texas, USA",175,84,8.3
353,Brodie Lee,"Rochester, New York, USA",201,125,8.3
354,Shinjiro Otani,"Yamaguchi, Japan",180,97,8.3
355,Joey Styles,"Philadelphia, Pennsylvania, USA",170,71,8.29
356,Matt Tremont,"Atlantic City, New Jersey, USA",178,108,8.29
357,Rey Mysterio,"San Ysidro, California, USA",162,74,8.29
358,Rob Van Dam,"Battle Creek, Michigan, USA",185,107,8.29
359,Jimmy Jacobs,"Grand Rapids, Michigan, USA",170,82,8.29
360,Killer Kowalski,"Essex County, Ontario, Canada",201,125,8.28
361,Yoshihiro Takayama,"Tokyo, Japan",196,125,8.28
362,Shanna,"Lissabon, Portugal",164,54,8.28
363,Nick Mondo,"Minneapolis, Minnesota, USA",185,92,8.27
364,Captain Lou Albano,"Rom, Italien",178,159,8.26
365,Willie Mack,"St. Louis, Missouri, USA",178,127,8.26
366,Wes Lee,"Dayton, Ohio, USA",175,86,8.26
367,Chad Gable,"Minneapolis, Minnesota, USA",173,92,8.26
368,Perro Aguayo Jr.,"Mexico City, Distrito Federal, Mexiko",174,88,8.25
369,Velveteen Dream,"Washington, District Of Columbia, USA",188,103,8.25
370,Rampage Brown,"Leeds, Yorkshire, England, UK",185,106,8.25
371,Jamie Hayter,"Southampton, Hampshire, England, UK",172,65,8.24
372,Chuck Taylor,"Murray, Kentucky, USA",188,95,8.24
373,Isaiah Scott,"Tacoma, Washington, USA",185,91,8.24
374,Joe Hendry,"Edinburgh, Scotland, UK",185,104,8.24
375,Roderick Strong,"Eau Claire, Wisconsin, USA",178,91,8.24
376,Mike Awesome,"Tampa, Florida, USA",193,134,8.23
377,Mickie James,"Richmond, Virginia, USA",162,55,8.23
378,Jordan Devlin,"Bray, County Wicklow, Ireland",178,83,8.23
379,Mark Andrews,"Cardiff, Wales, UK",173,73,8.23
380,Kane,"Madrid, Spanien",208,147,8.23
381,Colt Cabana,"Chicago, Illinois, USA",185,103,8.23
382,Fukigen Death,"Zushi, Kanagawa, Japan",150,57,8.23
383,El Desperado,"Nagaoka, Niigata, Japan",177,85,8.23
384,Ivelisse,"Chicago, Illinois, USA",165,54,8.22
385,William Eaver,"London, England, UK",180,91,8.22
386,Steve Corino,"Winnipeg, Manitoba, Canada",185,107,8.22
387,Tassilo Jung,"Siegburg, Nordrhein-Westfalen, Deutschland",190,90,8.22
388,Bayley,"Newark, California, USA",170,54,8.22
389,Mustafa Ali,"Bolingbrook, Illinois, USA",178,78,8.21
390,T-Hawk,"Tomakomai, Hokkaido, Japan",174,88,8.21
391,A-Kid,"Madrid, Spanien",173,70,8.21
392,Homicide,"New York City, New York, USA",175,99,8.2
393,Candice LeRae,"Winnipeg, Manitoba, Canada",157,51,8.2
394,Brody King,"Van Nuys, California, USA",195,129,8.2
395,Taz,"New York City, New York, USA",175,112,8.2
396,Dick Togo,"Odate, Akita, Japan",170,90,8.2
397,Utami Hayashishita,"Amami, Kagoshima, Japan",166,65,8.2
398,Soulfly,"Köln, Nordrhein-Westfalen, Deutschland",190,,8.19
399,Johnny Kidd,"London, England, UK",175,102,8.19
400,Laredo Kid,"Nuevo Laredo, Tamaulipas, Mexiko",172,90,8.18
401,DASH Chisako,"Sendai, Miyagi, Japan",151,56,8.18
402,Reckoning,"Fontana, California, USA",170,60,8.18
403,Trent Seven,"Wolverhampton, West Midlands, England, UK",178,95,8.17
404,Darby Allin,"Seattle, Washington, USA",173,78,8.17
405,Mei Suruga,"Kyoto, Japan",148,,8.17
406,Karsten Kretschmer,"Hamburg, Deutschland",182,103,8.16
407,Giulia,"London, England, UK",162,55,8.16
408,Volador Jr.,"Monclova, Coahuila, Mexiko",175,87,8.16
409,Dalton Castle,"Albany, New York, USA",180,99,8.16
410,Kotaro Suzuki,"Warabi, Saitama, Japan",170,86,8.15
411,Jimmy Hart,"Jackson, Mississippi, USA",178,75,8.14
412,Jesus Rodriguez,"Van Nuys, California, USA",180,98,8.14
413,Lance Storm,"Sarnia, Ontario, Canada",180,107,8.13
414,Matt Silva,"Melbourne, Victoria, Australia",178,93,8.13
415,Natalya,"Calgary, Alberta, Canada",165,61,8.13
416,Matt Sydal,"St. Louis, Missouri, USA",175,75,8.12
417,Masakatsu Funaki,"Hirosaki, Aomori, Japan",182,84,8.12
418,Tully Blanchard,"Calgary, Alberta, Canada",180,109,8.12
419,Daisuke Sasaki,"Tokyo, Japan",168,80,8.12
420,Zack Gibson,"Liverpool, Merseyside, England, UK",190,100,8.12
421,El Barbaro Cavernario,"Zapopan, Jalisco, Mexiko",172,88,8.11
422,Aero Star,"Mexico City, Distrito Federal, Mexiko",169,68,8.11
423,Brock Lesnar,"Webster, South Dakota, USA",193,121,8.1
424,Brian Cage,"Chico, California, USA",183,120,8.1
425,Masanobu Fuchi,"Kitakyushu, Fukuoka, Japan",183,105,8.1
426,Titan,"Guadalajara, Jalisco, Mexiko",169,84,8.09
427,Mark Briscoe,"Salisbury, Maryland, USA",183,104,8.09
428,Munenori Sawa,"Tokyo, Japan",174,80,8.09
429,Doudrop,"Ayrshire, Scotland, UK",173,100,8.09
430,Dax Harwood,"Whiteville, North Carolina, USA",178,101,8.09
431,SHO,"Uwajima, Ehime, Japan",173,93,8.09
432,Road Warrior Hawk,"Minneapolis, Minnesota, USA",191,125,8.07
433,Katarina Leigh,"Lüneburg, Niedersachsen, Deutschland",175,64,8.07
434,Absolute Andy,"Nürnberg, Bayern, Deutschland",190,125,8.07
435,Eddie Kingston,"Yonkers, New York, USA",180,109,8.07
436,Paul London,"Austin, Texas, USA",178,82,8.07
437,Taylor Wilde,"Toronto, Ontario, Canada",160,55,8.06
438,Max Caster,"Long Island, New York, USA",,102,8.06
439,TAJIRI,"Tamana, Kumamoto, Japan",172,82,8.06
440,Yuma Aoyagi,"Matsumoto, Nagano, Japan",186,90,8.06
441,Rhea Ripley,"Adelaide, South Australia, Australia",170,62,8.06
442,Bruiser Brody,"Pennsylvania, USA",201,128,8.05
443,Cedric Alexander,"Charlotte, North Carolina, USA",178,93,8.05
444,Kalisto,"Chicago, Illinois, USA",167,77,8.04
445,Tessa Blanchard,"Charlotte, North Carolina, USA",165,56,8.04
446,Hikaru Sato,"Okayama, Japan",174,92,8.04
447,Randy Orton,"Knoxville, Tennessee, USA",193,110,8.04
448,Maki Ito,"Fukuoka, Japan",160,,8.03
449,Hakeem Waqur,"Tayibe, Israel",181,123,8.03
450,Blue Nikita,"Thessaloniki, Griechenland",170,65,8.03
451,Chris Ridgeway,"Liverpool, Merseyside, England, UK",175,79,8.03
452,Cibernetico,"Aguascalientes, Mexiko",184,107,8.03
453,Extreme Tiger,"Tijuana, Baja California, Mexiko",160,67,8.02
454,AJ Lee,"Union City, New Jersey, USA",157,52,8.02
455,Lio Rush,"Lanham, Maryland, USA",168,73,8.01
456,Eric Schwarz,"Mainz, Rheinland-Pfalz, Deutschland",193,109,8
457,Chris Bey,"Alexandria, Virginia, USA",175,75,8
458,Larry Sweeney,"Winnetka, Illinois, USA",175,83,7.99
459,UltraMantis Black,"Pennsylvania, USA",183,91,7.99
460,Justin Roberts,"Chicago, Illinois, USA",178,77,7.99
461,Rich Swann,"Baltimore, Maryland, USA",168,77,7.98
462,Chris Sabin,"Detroit, Michigan, USA",177,81,7.98
463,Paul Tracey,"Bray, Co. Wicklow, Ireland",188,100,7.97
464,Ruby Soho,"Edwardsburg, Michigan, USA",163,55,7.95
465,Ikuto Hidaka,"Masuda, Shimane, Japan",172,80,7.95
466,Michael Elgin,"Oshawa, Ontario, Canada",180,111,7.95
467,MsChif,"Missouri, USA",170,61,7.94
468,Mance Warner,"Bucksnort, Tennessee, USA",185,98,7.94
469,Jon Ryan,"Medway, Kent, England, UK",178,99,7.93
470,Mr. Anderson,"Wisconsin Rapids, Wisconsin, USA",188,110,7.93
471,Gary Albright,"Rhode Island, USA",191,160,7.92
472,Sheik,"Lansing, Michigan, USA",180,110,7.92
473,Ricky Marvin,"Ciudad y Puerto de Veracruz, Veracruz, Mexiko",169,79,7.92
474,TAKA Michinoku,"Yotsukaido, Chiba, Japan",175,78,7.92
475,Drew Gulak,"Philadelphia, Pennsylvania, USA",180,92,7.92
476,Robbie Eagles,"Jonestown, New South Wales, Australia",177,80,7.91
477,Crazy Sexy Mike,"Berlin, Deutschland",178,93,7.91
478,Mercedes Martinez,"Waterbury, Connecticut, USA",170,67,7.91
479,Hikari Noa,"Hokkaido, Japan",153,,7.9
480,Trey Baxter,"Missouri, USA",,,7.9
481,Jack Brisco,"Blackwell, Oklahoma, USA",191,102,7.9
482,El Phantasmo,"Vancouver, British Columbia, Canada",183,83,7.9
483,Jordynne Grace,"St. Louis, Missouri, USA",156,68,7.9
484,Jonathan Gresham,"Atlanta, Georgia, USA",162,73,7.89
485,Josh Barnett,"Seattle, Washington, USA",190,114,7.89
486,Chris Brookes,"Tipton, West Midlands, England, UK",193,87,7.88
487,Yoshihito Sasaki,"Kawaguchi, Saitama, Japan",174,96,7.88
488,Takeshi Morishima,"Tokyo, Japan",190,125,7.88
489,Jonny Storm,"Milderth, England, UK",170,80,7.87
490,Thunder Rosa,"Tijuana, Baja California, Mexiko",161,54,7.87
491,Santana,"New York City, New York, USA",178,90,7.86
492,Kengo Mashimo,"Maizuru, Kyoto, Japan",180,98,7.86
493,Diamond Dallas Page,"Point Pleasant, New Jersey, USA",196,106,7.85
494,Rey Horus,"Tijuana, Baja California, Mexiko",170,75,7.85
495,Jake Roberts,"Gainesville, Texas, USA",195,113,7.85
496,Baron von Hagen,"Hamburg, Deutschland",183,120,7.84
497,Chris Raaber,"Leoben, Steiermark, Österreich",192,114,7.84
498,MVP,"Miami, Florida, USA",180,114,7.83
499,Ace Austin,"Atlantic City, New Jersey, USA",173,79,7.83
500,Hugo Savinovich,"Guayaquil, Ecuador",178,105,7.82
501,Angelico,"Johannesburg, South Africa",190,97,7.82
502,SANADA,"Niigata, Japan",182,100,7.82
503,Jeremy Borash,"Minneapolis, Minnesota, USA",178,82,7.8
504,Skayde,"Mexico City, Distrito Federal, Mexiko",170,87,7.8
505,The Brian Kendrick,"Fairfax, Virginia, USA",173,71,7.8
506,Jeff Hardy,"Cameron, North Carolina, USA",185,99,7.8
507,Mexxberg,"Graz, Steiermark, Österreich",190,110,7.8
508,Woman,"Boston, Massachusetts, USA",165,63,7.79
509,Drago,"Mexico City, Distrito Federal, Mexiko",174,79,7.79
510,Brain Damage,"Mansfield, Ohio, USA",192,123,7.78
511,Eric Bischoff,"Detroit, Michigan, USA",178,88,7.78
512,Dolph Ziggler,"Cleveland, Ohio, USA",183,100,7.78
513,Charlotte Flair,"Charlotte, North Carolina, USA",178,65,7.78
514,Jim Cornette,"Louisville, Kentucky, USA",183,105,7.77
515,Danny Havoc,"Cylinder, Iowa, USA",185,86,7.77
516,Terry Gordy,"Chattanooga, Tennessee, USA",195,135,7.77
517,Travis Banks,"Auckland, New Zealand",173,86,7.77
518,Sammy Guevara,"Katy, Texas, USA",178,84,7.77
519,Eddie Edwards,"Boston, Massachusetts, USA",180,97,7.77
520,Bianca Belair,"Knoxville, Tennessee, USA",170,,7.77
521,Sami Callihan,"Bellefontaine, Ohio, USA",175,95,7.77
522,Nicole Matthews,"Coquitlam, British Columbia, Canada",173,66,7.76
523,Kaio,"Como, Italien",190,103,7.75
524,Tony Nese,"Ridge, New York, USA",175,89,7.75
525,SUWA,"Kagoshima, Japan",173,95,7.74
526,Portia Perez,"Ottawa, Ontario, Canada",157,55,7.74
527,Drew McIntyre,"Ayr, Scotland, UK",196,121,7.74
528,Jungle Boy,"California, USA",178,76,7.74
529,Steve Maclin,"Rutherford, New Jersey, USA",183,102,7.74
530,Jerry Lynn,"Minneapolis, Minnesota, USA",175,93,7.73
531,Erik,"Cleveland, Ohio, USA",185,112,7.73
532,Angel Garza,"Monterrey, Nuevo Leon, Mexiko",181,96,7.73
533,AR Fox,"Ansonia, Connecticut, USA",183,84,7.72
534,Cassie Lee,"Sydney, New South Wales, Australia",170,60,7.72
535,Jerry Lawler,"Memphis, Tennessee, USA",183,110,7.72
536,Wade Barrett,"Penwortham, Lancashire, England, UK",201,113,7.72
537,Jimmy Havoc,"Dartford, Kent, England, UK",178,77,7.71
538,Heimo Ukonselkä,"Helsinki, Finnland",185,105,7.71
539,Fred Yehi,"Georgia, USA",175,84,7.71
540,Ivar,"Lynn, Massachusetts, USA",187,133,7.71
541,Ricky Starks,"New Orleans, Louisiana, USA",183,88,7.7
542,Danny Burch,"London, England, UK",183,86,7.7
543,Koji Iwamoto,"Kuwana, Mie, Japan",175,90,7.7
544,Daizee Haze,"Cape Girardeau, Missouri, USA",162,50,7.69
545,Melina,"Los Angeles, California, USA",162,55,7.69
546,Su Yung,"Seattle, Washington, USA",165,59,7.69
547,Ikemen Jiro,"Tokyo, Japan",180,90,7.69
548,Marcel Barthel,"Pinneberg, Schleswig-Holstein, Deutschland",190,95,7.69
549,Kimberly Page,"Chicago, Illinois, USA",178,55,7.68
550,Molly Holly,"Forest Lake, Minnesota, USA",162,64,7.68
551,Andre The Giant,"Coulommiers, Ile-de-Frances, Frankreich",213,240,7.68
552,Caristico,"Mexico City, Distrito Federal, Mexiko",170,79,7.68
553,Cash Wheeler,"Raleigh, North Carolina, USA",175,94,7.68
554,Kacy Catanzaro,"Glen Ridge, New Jersey, USA",153,43,7.68
555,Alundra Blayze,"Mailand, Italien",178,68,7.67
556,Karl Anderson,"Detroit, Michigan, USA",184,97,7.67
557,Joe Coffey,"Glasgow, Scotland, UK",180,114,7.67
558,Kylie Rae,"Chicago, Illinois, USA",165,66,7.67
559,Ethan Page,"Stoney Creek, Ontario, Canada",188,103,7.67
560,Ophidian,USA,170,75,7.66
561,Kaz Hayashi,"Tokyo, Japan",173,83,7.66
562,Robert Roode,"Peterborough, Ontario, Canada",183,106,7.66
563,The Fiend,"Brooksville, Florida, USA",190,136,7.66
564,Maika,"Fukuoka, Japan",162,60,7.65
565,LA Knight,"Hagerstown, Maryland, USA",188,104,7.65
566,Flash Morgan Webster,"Abertillery, Wales, UK",173,71,7.65
567,Masa Kitamiya,"Tonami, Toyama, Japan",172,103,7.65
568,RD Evans,"Winnipeg, Manitoba, Canada",189,90,7.64
569,Sabu,"Detroit, Michigan, USA",178,102,7.64
570,Stacy Keibler,"Baltimore, Maryland, USA",180,61,7.63
571,Kerry von Erich,"Niagara Falls, New York, USA",188,115,7.63
572,Mikey Whiplash,"Stoke-On-Trent, England, UK",187,98,7.63
573,Shelton Benjamin,"Orangeburg, South Carolina, USA",188,113,7.63
574,Cannonball Grizzly,"Omaha, Nebraska, USA",188,186,7.62
575,Emilia McKenzie,"Coventry, England, UK",167,58,7.62
576,El Lindaman,"Tokyo, Japan",161,80,7.62
577,Tom Lawlor,"Fall River, Massachusetts, USA",183,93,7.61
578,Sarah Logan,"Jeffersonville, Indiana, USA",165,63,7.6
579,John Cena,"West Newbury, Massachusetts, USA",185,114,7.6
580,Ryo Saito,"Yamagata, Japan",170,80,7.6
581,Austin Theory,"McDonough, Georgia, USA",185,100,7.6
582,Sunny,"Asbury Park, New Jersey, USA",162,54,7.59
583,Carlos Cabrera,"Bogota, Kolumbien",178,96,7.59
584,Santana Garrett,"Ocala, Florida, USA",165,54,7.59
585,Shane McMahon,"Gaithersburg, Maryland, USA",187,105,7.59
586,Umaga,"San Francisco, California, USA",193,158,7.58
587,Atsushi Aoki,"Tokyo, Japan",170,85,7.58
588,Marius Al-Ani,"Eisenach, Thüringen, Deutschland",176,90,7.58
589,KAI,"Yokohama, Kanagawa, Japan",177,100,7.58
590,Paul Orndorff,"Winchester, Virginia, USA",185,115,7.57
591,Frankie Kazarian,"Palm Springs, California, USA",185,98,7.57
592,Nikki ASH,"Glasgow, Scotland, UK",155,55,7.57
593,Bobby Fish,"Albany, New York, USA",180,89,7.57
594,Thumbtack Jack,"München, Bayern, Deutschland",178,83,7.56
595,Chris Bosh,"Beverly Hills, California, USA",180,94,7.56
596,Emil Sitoci,"Ede, Gelderland, Niederlande",184,94,7.56
597,Ahmed Chaer,"Berlin, Deutschland",170,75,7.56
598,Kazunari Murakami,"Toyama, Japan",186,110,7.56
599,Trent,"Mt. Sinai, New York, USA",188,88,7.56
600,Alex Pain,"Mücheln, Sachsen-Anhalt, Deutschland",180,95,7.55
601,Bobby Eaton,"Huntsville, Alabama, USA",182,107,7.55
602,Freddy Stahl,"Bückeburg, Niedersachsen, Deutschland",176,95,7.55
603,Antonio Honda,"Tokyo, Japan",168,80,7.55
604,Matt Hardy,"Cameron, North Carolina, USA",185,106,7.55
605,Kohei Sato,"Koto, Tokyo, Japan",193,120,7.55
606,Montez Ford,"Chicago, Illinois, USA",185,105,7.55
607,Shota Umino,"Tokyo, Japan",183,93,7.55
608,Damon Brix,"Linz, Oberösterreich, Österreich",190,107,7.54
609,Gregory Iron,"Cleveland, Ohio, USA",165,75,7.54
610,Tenille Dashwood,"Melbourne, Victoria, Australia",165,60,7.53
611,Paul Burchill,"Guildford, Surrey, England, UK",193,128,7.52
612,T-BAR,"Worcester, Massachusetts, USA",201,118,7.52
613,Nick Patrick,"Lakeland, Florida, USA",188,100,7.51
614,Michael Knight,"Schwerin, Mecklenburg-Vorpommern, Deutschland",178,85,7.51
615,Alex Koslov,Moldawien,170,86,7.51
616,Kazuyuki Fujita,"Funabashi, Chiba, Japan",182,115,7.51
617,Prince Nana,Ghana,180,107,7.51
618,Jack Evans,"Parkland, Washington, USA",173,77,7.51
619,Paige,"Norwich, Norfolk, England, UK",173,54,7.51
620,Dick Murdoch,"Amarillo, Texas, USA",187,126,7.5
621,Clark Connors,"Snoqualmie, Washington, USA",173,84,7.5
622,Shinobu,"Tome, Miyagi, Japan",173,78,7.5
623,Manabu Soya,"Minowa, Nagano, Japan",180,112,7.5
624,Rocky Romero,"Havanna, Kuba",170,78,7.49
625,Rick Martel,"Quebec City, Quebec, Canada",185,108,7.49
626,James Storm,"Franklin, Tennessee, USA",185,103,7.49
627,Tatsuhito Takaiwa,"Kameoka, Kyoto, Japan",178,94,7.49
628,Orange Cassidy,"Stewartsville, New Jersey, USA",178,73,7.49
629,Noam Dar,"Tel Aviv, Israel",175,77,7.49
630,JJ Dillon,"Trenton, New Jersey, USA",180,108,7.48
631,JC Bailey,"Louisville, Kentucky, USA",183,86,7.48
632,Rickey Shane Page,"Lordstown, Ohio, USA",196,128,7.48
633,Kevin von Erich,"Belleville, Illinois, USA",188,107,7.48
634,EC3,"Willoughby, Ohio, USA",185,102,7.48
635,Sheamus,"Dublin, Ireland",193,121,7.48
636,Daichi Hashimoto,"Kanagawa, Japan",180,92,7.48
637,Master Wato,"Ikeda, Osaka, Japan",176,80,7.48
638,Lilian Garcia,"Madrid, Spanien",165,50,7.47
639,Ole Anderson,"Minneapolis, Minnesota, USA",185,116,7.47
640,Silas Young,"Appleton, Wisconsin, USA",180,100,7.47
641,Damo,"Belfast, Northern Ireland, UK",190,146,7.47
642,Stu Grayson,"Victoriaville, Quebec, Canada",178,85,7.47
643,Matt Cross,"Cleveland, Ohio, USA",170,83,7.46
644,Tristan Archer,"Amiens, Nord-Pas-de-Calais-Picardie, Frankreich",179,90,7.46
645,Ronda Rousey,"Riverside, California, USA",170,61,7.45
646,Miu Watanabe,"Saitama, Japan",159,,7.45
647,Shane Helms,"Smithfield, North Carolina, USA",180,98,7.45
648,Ryusuke Taguchi,"Iwanuma, Miyagi, Japan",180,91,7.45
649,Human Tornado,"Bakersfield, California, USA",190,78,7.44
650,The Miz,"Parma, Ohio, USA",185,105,7.44
651,Jade Chung,"Guelph, Ontario, Canada",168,50,7.43
652,Lenny Leonard,"New York City, New York, USA",170,,7.42
653,Bully Ray,"Massapequa, New York, USA",193,127,7.42
654,Kagetora,"Koutou, Tokyo, Japan",170,80,7.42
655,Excalibur,"Detroit, Michigan, USA",188,84,7.42
656,TJ Wilson,"Calgary, Alberta, Canada",175,91,7.42
657,Hiroyoshi Tenzan,"Kyoto, Japan",183,115,7.42
658,Yoshinobu Kanemaru,"Kofu, Yamanashi, Japan",173,85,7.42
659,Ingo Vollenberg,"Schmallenberg, Nordrhein-Westfalen, Deutschland",180,70,7.41
660,Frightmare,"Middlesex, New Jersey, USA",173,77,7.41
661,Genki Horiguchi,"Kumamoto, Japan",173,75,7.41
662,Hajime Ohara,"Kawasaki, Kanagawa, Japan",175,90,7.41
663,Slapjack,"Perth, Western Australia, Australia",187,102,7.41
664,Stan Lane,"Greensboro, North Carolina, USA",185,102,7.4
665,Jurn Simmons,"Heeg, Friesland, Niederlande",188,115,7.4
666,Angelina Love,"Toronto, Ontario, Canada",168,57,7.4
667,Joe Doering,"Chicago, Illinois, USA",195,135,7.4
668,Riho,"Shinagawa, Tokyo, Japan",156,45,7.39
669,Daga,"Estado de Mexico, Mexiko",173,82,7.39
670,Kris Statlander,"West Islip, New York, USA",173,65,7.39
671,Jinsei Shinzaki,"Tokushima, Japan",180,108,7.39
672,Dusty Rhodes,"Austin, Texas, USA",186,137,7.38
673,Pedro Morales,"Culebra, Puerto Rico, USA",180,109,7.37
674,Hideyoshi Kamitani,"Matsusaka, Mie, Japan",180,108,7.36
675,Takao Omori,"Tokyo, Japan",190,110,7.36
676,Kofi Kingston,"Kumasi, Ashanti-Region, Ghana",185,97,7.36
677,Atsushi Kotoge,"Kaizuka, Osaka, Japan",177,91,7.36
678,Franky Monet,"Victoria, British Columbia, Canada",173,66,7.36
679,Beulah,"Kalamazoo, Michigan, USA",167,52,7.35
680,Don Callis,"Winnipeg, Manitoba, Canada",188,105,7.35
681,Chris Colen,"Wien, Österreich",185,101,7.35
682,Axel Tischer,"Dresden, Sachsen, Deutschland",187,111,7.35
683,Ortiz,"New York City, New York, USA",173,87,7.35
684,Tyler Breeze,"Calgary, Alberta, Canada",185,89,7.35
685,Cody Rhodes,"North Carolina, USA",185,100,7.35
686,Damian Priest,"West Nyack, New York, USA",200,114,7.35
687,Luther Ward,"Dublin, Ireland",185,110,7.34
688,Perry Saturn,"Lakewood, Ohio, USA",178,106,7.34
689,Leyla Hirsch,"Moskau, Russland",150,57,7.34
690,Francine,"Bear, Delaware, USA",170,53,7.33
691,Savannah,"Vancouver, British Columbia, Canada",165,49,7.33
692,Allysin Kay,"Detroit, Michigan, USA",178,68,7.33
693,Joseph Parks,"Washington, District Of Columbia, USA",195,159,7.33
694,Shayna Baszler,"Sioux Falls, South Dakota, USA",170,62,7.33
695,Allison Danger,"Winnipeg, Manitoba, Canada",170,56,7.32
696,Mountie,"St. Sulpice, Quebec, Canada",185,109,7.32
697,Matt Cappotelli,"Norwich, New York, USA",183,100,7.32
698,Nathan Cruz,"Kingston-Upon-Hull, England, UK",183,92,7.32
699,Miro,"Plovdiv, Bulgarien",183,127,7.32
700,Ivan Kiev,"Berlin, Deutschland",188,93,7.31
701,Saraya Knight,"Penzance, Cornwall, England, UK",170,60,7.31
702,Ken Shamrock,"Warner Robins, Georgia, USA",185,95,7.31
703,Alberto El Patron,"San Luis Potosi, Mexiko",197,108,7.31
704,Sanshiro Takagi,"Osaka, Japan",175,105,7.31
705,Jetta,"Coventry, West Midlands, England, UK",165,57,7.3
706,Mike Rotunda,"Syracuse, New York, USA",192,116,7.3
707,Phil LaFon,"Nipigon, Ontario, Canada",180,105,7.3
708,Road Warrior Animal,"Philadelphia, Pennsylvania, USA",185,130,7.29
709,Hallowicked,"Pennsylvania, USA",188,96,7.29
710,Jinny,"London, England, UK",167,58,7.29
711,Chaos,"Aarhus, Dänemark",183,109,7.29
712,Deonna Purrazzo,"Jefferson, New Jersey, USA",157,55,7.29
713,Kimona Wanalaya,"Seoul, Südkorea",156,46,7.28
714,Alex Colon,"Hammonton, New Jersey, USA",171,86,7.28
715,Luchasaurus,"Woodlands Hills, California, USA",196,106,7.28
716,Jay Lethal,"Elizabeth, New Jersey, USA",178,97,7.28
717,Gedo,"Musashimurayama, Tokyo, Japan",172,86,7.28
718,Pope,"Jacksonville, Florida, USA",185,100,7.28
719,Raul Mendoza,"Cordoba, Veracruz, Mexiko",171,80,7.28
720,Alex Wright,"Schwabach, Bayern, Deutschland",195,101,7.27
721,Psycho Clown,"Mexico City, Distrito Federal, Mexiko",189,107,7.27
722,Vampiro,"Thunder Bay, Ontario, Canada",190,113,7.27
723,Kenny Williams,"Glasgow, Scotland, UK",175,82,7.27
724,Robert Anthony,"Plainfield, Illinois, USA",192,100,7.26
725,Brent Albright,"Tulsa, Oklahoma, USA",183,108,7.25
726,Apollo Crews,"Sacramento, California, USA",185,110,7.25
727,EVIL,"Mishima, Shizuoka, Japan",178,106,7.25
728,Uli Fesseler,"Hamburg, Deutschland",158,48,7.24
729,Barry Windham,"Fargo, Georgia, USA",196,126,7.24
730,Douki,Japan,170,85,7.24
731,Too Cold Scorpio,"Texas, USA",185,105,7.24
732,Jason Lee,"Hong Kong, China",172,72,7.24
733,Paul Wight,"Aiken, South Carolina, USA",213,180,7.24
734,Taiyo Kea,"Honolulu, Hawaii, USA",185,106,7.24
735,Ren Narita,"Aomori, Japan",182,83,7.24
736,Billy Kidman,"New Haven, Connecticut, USA",177,89,7.23
737,Killer Kelly,"Lissabon, Portugal",165,58,7.22
738,Booker T,"Houston, Texas, USA",190,113,7.22
739,TJP,"Los Angeles, California, USA",178,76,7.22
740,Reckless Youth,"Mt. Holly, New Jersey, USA",178,91,7.21
741,Alex Reynolds,"Southampton, New York, USA",178,89,7.21
742,Natsu Sumire,"Iwakura, Aichi, Japan",164,60,7.21
743,Kevin Nash,"Detroit, Michigan, USA",211,127,7.21
744,Juice Robinson,"Joliet, Illinois, USA",191,100,7.21
745,Amazing Red,"Cayey, Puerto Rico, USA",168,70,7.2
746,Joel Redman,"Exeter, Devon, England, UK",185,99,7.2
747,Maria Kanellis-Bennett,"Ottawa, Illinois, USA",170,52,7.2
748,Kevin Kelly,"New York City, New York, USA",178,109,7.19
749,Robert Dreissker,"Tulln, Niederösterreich, Österreich",180,134,7.19
750,John Bradshaw Layfield,"Athens, Texas, USA",195,128,7.19
751,Cheech,"New York City, New York, USA",183,80,7.18
752,King Muertes,"Bayamon, Puerto Rico, USA",183,111,7.18
753,Jason Jordan,"Tinley Park, Illinois, USA",190,107,7.18
754,Elizabeth,"Frankfort, Kentucky, USA",163,54,7.17
755,Mr. Fuji,"Honolulu, Hawaii, USA",178,109,7.17
756,Tito Santana,"Mission, Texas, USA",188,107,7.17
757,Sasa Keel,"Split, Dalmatien, Kroatien",196,106,7.16
758,Shane Douglas,"Pittsburgh, Pennsylvania, USA",183,111,7.16
759,Tommy Dreamer,"Yonkers, New York, USA",188,116,7.16
760,Corey Graves,"Pittsburgh, Pennsylvania, USA",185,93,7.16
761,El Texano Jr.,"Mexico City, Distrito Federal, Mexiko",174,100,7.16
762,Hulk Hogan,"Augusta, Georgia, USA",193,125,7.15
763,Mark Coffey,"Glasgow, Scotland, UK",188,108,7.15
764,Scorpio Sky,"Los Angeles, California, USA",178,80,7.15
765,Rhino,"Dearborn, Michigan, USA",177,134,7.15
766,Shane Taylor,"Cleveland, Ohio, USA",185,143,7.15
767,Alexa Bliss,"Columbus, Ohio, USA",155,46,7.15
768,Wardlow,"Cleveland, Ohio, USA",188,113,7.15
769,Paul Robinson,"England, UK",167,64,7.14
770,Peter White,"Wien, Österreich",188,100,7.14
771,Jeff Jarrett,"Hendersonville, Tennessee, USA",183,107,7.14
772,Earl Hebner,"King William County, Virginia, USA",170,73,7.13
773,Mike Kruel,"New York City, New York, USA",180,102,7.13
774,Da Mack,"Hamburg, Deutschland",182,84,7.13
775,Christina Von Eerie,"Sacramento, California, USA",163,56,7.13
776,Jamie Noble,"Hanover, West Virginia, USA",170,91,7.13
777,PCO,"Montreal, Quebec, Canada",185,124,7.12
778,Daffney,"Wiesbaden, Hessen, Deutschland",168,59,7.11
779,Marty Martinez,"West Jordan, Utah, USA",188,98,7.11
780,PJ Black,"Cape Town, South Africa",185,97,7.11
781,Kazuki Hashimoto,"Soka, Saitama, Japan",170,80,7.11
782,Eddie Gilbert,"Lexington, Tennessee, USA",178,101,7.1
783,Robert Ray,"Graz, Steiermark, Österreich",185,100,7.1
784,Bronson Reed,Australia,180,125,7.1
785,Muhammad Hassan,"Syracuse, New York, USA",188,105,7.09
786,Thom Latimer,"Harrogate, England, UK",190,105,7.09
787,Jake Atlas,"El Monte, California, USA",,,7.09
788,Powerhouse Hobbs,"Palo Alto, California, USA",185,109,7.09
789,Velvet Sky,"New Britain, Connecticut, USA",165,57,7.08
790,Tim Donst,"East Stroudsburg, Pennsylvania, USA",178,109,7.08
791,Kip Sabian,"Great Yarmouth, Norfolk, England, UK",180,82,7.08
792,Butcher,"Buffalo, New York, USA",191,124,7.08
793,El Samurai,"Hanamaki, Iwate, Japan",180,85,7.08
794,Yuya Uemura,"Imabari, Ehime, Japan",180,82,7.08
795,Hector Garza,"Monterrey, Nuevo Leon, Mexiko",178,95,7.07
796,Rambo,"Santo Domingo de Guzmán, Dominikanische Republik",170,100,7.07
797,Blade,"Buffalo, New York, USA",183,100,7.07
798,Serena Deeb,"Oakton, Virginia, USA",162,58,7.07
799,Wifebeater,"Dallas, Texas, USA",193,111,7.06
800,Ron Simmons,"Perry, Georgia, USA",185,125,7.06
801,Primate,"Newcastle upon Tyne, England, UK",180,95,7.06
802,Ligero,"Leeds, West Yorkshire, England, UK",170,73,7.05
803,LuFisto,"Sorel, Quebec, Canada",160,63,7.05
804,Saya Kamitani,"Kanagawa, Japan",168,58,7.05
805,Scott Lost,"Santa Cruz, California, USA",175,84,7.04
806,Yoshinari Ogawa,"Toride, Ibaraki, Japan",180,85,7.04
807,Dave Mastiff,"Dudley, West Midlands, England, UK",175,143,7.03
808,Ryouji Sai,"Osaka, Japan",190,105,7.03
809,Mr. Insanity,"Detroit, Michigan, USA",192,107,7.02
810,Gran Akuma,"Boyertown, Pennsylvania, USA",178,90,7.01
811,Alofa,Samoa,188,165,7
812,Vincent,"Warwick, Rhode Island, USA",183,86,7
813,Ace Romero,"Saco, Maine, USA",184,181,7
814,Mansoor,"Riyadh, Saudi Arabia",183,89,7
815,Wolfgang,"Glasgow, Scotland, UK",186,116,7
816,Carlito,"San Juan, Puerto Rico, USA",178,100,6.99
817,Jake Hager,"Perry, Oklahoma, USA",193,130,6.99
818,Jimmy Yang,"Los Angeles, California, USA",175,93,6.98
819,Hernandez,"Houston, Texas, USA",188,134,6.98
820,Josh Raymond,"Kalamazoo, Michigan, USA",175,83,6.97
821,Bobby Gunns,"Heilbad Heiligenstadt, Thüringen, Deutschland",179,92,6.97
822,Terry Frazier,"East London, England, UK",185,77,6.96
823,Ted DiBiase Jr.,"Baton Rouge, Louisiana, USA",188,107,6.95
824,Sid Vicious,"West Memphis, Arkansas, USA",206,142,6.94
825,Shotzi,"California, USA",167,57,6.94
826,John Kronus,"Everett, Massachusetts, USA",191,116,6.93
827,Doug Furnas,"Miami, Oklahoma, USA",180,110,6.93
828,Aron Stevens,"Worcester, Massachusetts, USA",193,110,6.93
829,Todd Pettengill,"Hagaman, New York, USA",183,79,6.92
830,Batista,"Arlington, Virginia, USA",196,126,6.92
831,Joaquin Wilde,"Los Angeles, California, USA",170,77,6.92
832,Christian Bruns,"Bocholt, Nordrhein-Westfalen, Deutschland",,,6.91
833,Jody Fleisch,"London, England, UK",177,70,6.91
834,Afa,Samoa,188,148,6.9
835,Nikki Roxx,"Melrose, New Hampshire, USA",175,64,6.9
836,Patriot,"Columbia, South Carolina, USA",190,118,6.9
837,Matt Striker,"New York City, New York, USA",178,98,6.9
838,K-ness,"Tokyo, Japan",172,74,6.9
839,Togi Makabe,"Sagamihara, Kanagawa, Japan",181,110,6.9
840,Saya Iida,"Kashiwa, Chiba, Japan",145,54,6.9
841,Mina Shirakawa,"Tokyo, Japan",157,,6.89
842,Blitzkrieg,"California, USA",165,73,6.89
843,X-Dream,"Köln, Nordrhein-Westfalen, Deutschland",183,80,6.89
844,Abdullah Kobayashi,"Chikuma, Nagano, Japan",175,165,6.89
845,Nick Aldis,"King's Lynn, Norfolk, England, UK",192,110,6.89
846,BUSHI,"Tokyo, Japan",172,83,6.89
847,Yokozuna,"San Francisco, California, USA",193,290,6.88
848,Stevie Richards,"Philadelphia, Pennsylvania, USA",187,100,6.88
849,Nicho,"Tijuana, Baja California, Mexiko",180,91,6.88
850,YOH,"Kurihara, Miyagi, Japan",171,85,6.88
851,Nick Gage,"Salt Lake City, Utah, USA",178,91,6.87
852,Fabio Ferrari,"Genua, Italien",187,101,6.87
853,Celeste Bonin,"Houston, Texas, USA",165,58,6.86
854,Maryse,"Montreal, Quebec, Canada",173,52,6.86
855,Delirious,"Missouri, USA",178,91,6.85
856,Yoshiaki Yago,"Imizu, Toyama, Japan",187,100,6.85
857,Dustin Rhodes,"Austin, Texas, USA",193,107,6.85
858,Ricky Morton,"Nashville, Tennessee, USA",180,103,6.84
859,Kenny King,"Orlando, Florida, USA",183,104,6.84
860,Big E,"Tampa, Florida, USA",180,130,6.84
861,Mascarita Dorada,"Veracruz, Mexiko",134,48,6.83
862,Kid Kash,"Waynesboro, West Virginia, USA",175,93,6.83
863,Iron Sheik,"Damghan, Provinz Semnan, Iran",183,117,6.83
864,Bunny,"Toronto, Ontario, Canada",168,54,6.83
865,Xavier Woods,"Marietta, Georgia, USA",175,93,6.83
866,Aykut Artan,"Istanbul, Türkei",188,107,6.82
867,Flip Gordon,"Kalispell, Montana, USA",178,88,6.82
868,Bob Backlund,"Princeton, Minnesota, USA",185,109,6.82
869,Wendi Richter,"Dallas, Texas, USA",173,64,6.8
870,Jimmy Lloyd,"New Jersey, USA",178,100,6.8
871,Erick Stevens,"Sarasota, Florida, USA",183,86,6.79
872,Necro Butcher,"Morgantown, West Virginia, USA",185,105,6.79
873,Icarus,"Pennsylvania, USA",178,83,6.79
874,Roman Reigns,"Pensacola, Florida, USA",190,120,6.79
875,Arik Cannon,"Chicago, Illinois, USA",175,92,6.78
876,Taeler Hendrix,"New Bedford, Massachusetts, USA",170,57,6.78
877,Joseph Conners,"Nottingham, Nottinghamshire, England, UK",185,89,6.78
878,Teoman,"Berlin, Deutschland",182,82,6.78
879,Moose,"Seabrook, Maryland, USA",196,136,6.78
880,Messiah,"Detroit, Michigan, USA",185,96,6.77
881,Fabulous Moolah,"Kershaw County, South Carolina, USA",165,63,6.77
882,Himeka,"Iwate, Japan",171,,6.77
883,Makoto Oishi,"Fuji, Shizuoka, Japan",170,75,6.77
884,Desean Pratt,"Pennsauken, New Jersey, USA",175,81,6.76
885,Pascal Spalter,"Berlin, Deutschland",191,141,6.76
886,Tony Schiavone,"Craigsville, Virginia, USA",178,85,6.76
887,Taichi,"Ishikari, Hokkaido, Japan",177,100,6.76
888,Demolition Ax,"Brownsville, Pennsylvania, USA",192,132,6.75
889,Chris Guy,"Chicago, Illinois, USA",175,96,6.75
890,Jigsaw,"New York City, New York, USA",188,86,6.75
891,Saki Kashima,"Masuda, Shimane, Japan",163,50,6.75
892,Yota Tsuji,"Yokohama, Kanegawa, Japan",182,91,6.75
893,Sgt. Slaughter,"Detroit, Michigan, USA",196,138,6.72
894,Rain,"Sacramento, California, USA",168,58,6.72
895,Jey Uso,"San Francisco, California, USA",188,109,6.71
896,Peter Avalon,"Carson City, Nevada, USA",178,75,6.71
897,Jaki Numazawa,"Honjo, Saitama, Japan",174,100,6.71
898,Thunder,"England, UK",187,130,6.7
899,John Walters,"Framingham, Massachusetts, USA",183,102,6.7
900,Matt Borne,"North Carolina, USA",183,110,6.7
901,Todd Grisham,"Hattiesburg, Mississippi, USA",185,73,6.69
902,Gerald Brisco,"Oklahoma City, Oklahoma, USA",188,95,6.69
903,James Drake,"Blackpool, Lancashire, England, UK",181,81,6.69
904,Tiger Mask,"Urayasu, Chiba, Japan",173,85,6.69
905,Michael Modest,"Berkeley, California, USA",178,102,6.68
906,Sexxxy Eddy,"Montreal, Quebec, Canada",185,90,6.68
907,Jimmy Rave,"Atlanta, Georgia, USA",173,94,6.67
908,Bo Jones,"Elmshorn, Schleswig-Holstein, Deutschland",186,92,6.67
909,Taryn Terrell,"New Orleans, Louisiana, USA",167,57,6.67
910,Kaleb With A K,"Cartersville, Georgia, USA",183,94,6.67
911,Pat Patterson,"Montreal, Quebec, Canada",178,111,6.66
912,Chris Candido,"Edison, New Jersey, USA",175,105,6.66
913,Stephanie McMahon,"Hartford, Connecticut, USA",173,65,6.66
914,Jessy Sorensen,"Katy, Texas, USA",178,94,6.66
915,Drake Maverick,"Birmingham, England, UK",163,64,6.66
916,Matt Taven,"Derry, New Hampshire, USA",188,99,6.66
917,Session Moth Martina,"Dublin, Ireland",167,63,6.66
918,Juventud Guerrera,"Mexico City, Distrito Federal, Mexiko",165,80,6.65
919,Marty Jannetty,"Columbus, Georgia, USA",181,104,6.65
920,Mikey Nicholls,"Perth, Western Australia, Australia",185,106,6.65
921,Brian Pillman Jr.,"Cincinnati, Ohio, USA",185,93,6.65
922,Mike Tenay,"Los Angeles, California, USA",175,82,6.64
923,Madison Rayne,"Columbus, Ohio, USA",160,52,6.64
924,Rambo,"Montreal, Quebec, Canada",195,130,6.64
925,YOSHI-HASHI,"Togo, Aichi, Japan",180,102,6.64
926,Torrie Wilson,"Boise, Idaho, USA",176,58,6.63
927,Jay Skillet,"Solingen, Nordrhein-Westfalen, Deutschland",178,83,6.63
928,Petey Williams,"Windsor, Ontario, Canada",170,80,6.63
929,Kikutaro,"Osaka, Japan",168,105,6.63
930,Lince Dorado,"East Pennsauken, New Jersey, USA",170,77,6.63
931,Karrion Kross,"New York City, New Cork, USA",194,120,6.63
932,Silver King,"Torreon, Coahuila, Mexiko",176,98,6.62
933,Sandman,"Philadelphia, Pennsylvania, USA",188,111,6.62
934,Sean O'Haire,"Hilton Head Island, South Carolina, USA",198,122,6.62
935,Jimmy Uso,"San Francisco, California, USA",188,109,6.62
936,Tom Phillips,"Philadelphia, Pennsylvania, USA",183,,6.61
937,Aubrey Edwards,"Seattle, Washington, USA",,,6.61
938,Hellvetic Warrior,"Zürich, Schweiz",180,112,6.61
939,Crazzy Steve,"Montreal, Quebec, Canada",178,91,6.61
940,Veda Scott,"Providence, Rhode Island, USA",155,52,6.61
941,Jessica McKay,"Sydney, New South Wales, Australia",178,60,6.61
942,Gigi Dolin,"Douglasville, Georgia, USA",165,52,6.61
943,Evil Uno,"Gatineau, Quebec, Canada",180,100,6.6
944,Joey Janela,"Hazlet Township, New Jersey, USA",173,83,6.6
945,Cloudy,"Webster Hall, New York, USA",164,68,6.59
946,David Finlay,"Achim, Niedersachsen, Deutschland",182,95,6.59
947,Sika,"Leone, Samoa",188,145,6.58
948,Dan Spivey,"Griffin, Georgia, USA",203,127,6.58
949,Iceman,"Bishop Auckland, Durham, England, UK",183,127,6.58
950,Tom LaRuffa,"Nizza, Alpes-Maritimes, Frankreich",180,91,6.58
951,Joe Gacy,"Franklinville, New Jersey, USA",183,113,6.57
952,Ivan Koloff,"Ontario, Canada",178,113,6.56
953,Big John Studd,"Butler, Pennsylvania, USA",208,165,6.56
954,Jazzy Gabert,"Berlin, Deutschland",186,88,6.56
955,Slick,"Fort Worth, Texas, USA",193,90,6.55
956,Super Crazy,"Tulancingo, Hidalgo, Mexiko",173,98,6.55
957,Col. Robert Parker,"Dyersburg, Tennessee, USA",193,109,6.54
958,Monty Brown,"Bridgeport, Michigan, USA",187,125,6.54
959,Earthquake,"Surrey, British Columbia, Canada",198,210,6.54
960,Charlie Haas,"Houston, Texas, USA",188,110,6.54
961,Don Fujii,"Minoh, Osaka, Japan",175,105,6.54
962,Leon Ruff,"Pensacola, Florida, USA",,,6.53
963,Al Snow,"Lima, Ohio, USA",185,107,6.53
964,Scott Norton,"Minneapolis, Minnesota, USA",191,160,6.53
965,Fallah Bahh,"Bloomfield, New Jersey, USA",180,193,6.53
966,Eric Young,"Florence, Ontario, Canada",183,102,6.53
967,Ariel,"Chino, California, USA",165,61,6.52
968,Armando Estrada,"Chicago, Illinois, USA",188,107,6.52
969,Penelope Ford,"Phoenix, Arizona, USA",,,6.52
970,Havok,"Canton, Ohio, USA",183,120,6.52
971,Marc Roudin,"Basel, Schweiz",173,82,6.51
972,Brad Armstrong,"Marietta, Georgia, USA",183,106,6.51
973,Anna Jay,"Brunswick, Georgia, USA",173,65,6.51
974,Michael Hayes,"Pensacola, Florida, USA",185,107,6.51
975,Matt Rehwoldt,"Chicago, Illinois, USA",190,98,6.5
976,Ivan Putski,"Krakau, Kleinpolen, Polen",175,110,6.5
977,Zelina Vega,"New York City, New York, USA",154,48,6.5
978,Great-O-Khan,"Maebashi, Gunma, Japan",185,110,6.5
979,Teddy Hart,"Calgary, Alberta, Canada",183,85,6.49
980,Catrina,"Tampa, Florida, USA",163,54,6.48
981,Nikita Koloff,"Minneapolis, Minnesota, USA",188,122,6.48
982,Dan Severn,"Coldwater, Michigan, USA",188,123,6.47
983,Teddy Long,"Birmingham, Alabama, USA",178,73,6.46
984,Max Boyer,"Longueuil, Quebec, Canada",173,77,6.46
985,Karsten Beck,"Bottrop, Nordrhein-Westfalen, Deutschland",181,106,6.46
986,Lars Sullivan,"Westminster, Colorado, USA",190,137,6.46
987,Brooklyn Brawler,"New York City, New York, USA",183,109,6.46
988,Chelsea Green,"Victoria, British Columbia, Canada",170,57,6.46
989,Rachael Ellering,"Sauk Centre, Minnesota, USA",168,64,6.46
990,Shawn Spears,"St. Catharines, Ontario, Canada",191,107,6.46
991,Chad Collyer,"Liberty, Indiana, USA",174,97,6.45
992,Rezar,Albanien,194,140,6.45
993,Sonya Deville,"New Jersey, USA",170,59,6.45
994,Pinkie Sanchez,"New York, New York, USA",180,77,6.44
995,Greg Valentine,"Seattle, Washington, USA",180,113,6.44
996,Nyla Rose,"Washington, District Of Columbia, USA",175,77,6.43
997,Nate Webb,"Indianapolis, Indiana, USA",188,84,6.42
998,Blackjack Mulligan,"Sweetwater, Texas, USA",198,157,6.42
999,Sha Samuels,"London, England, UK",185,107,6.42
1000,Gamma,"Iwaki, Fukushima, Japan",170,80,6.42
