#,,Gimmick,Birthplace,Height,Weight,Promotioin,Rating,votes
1,,Christophe Agius,"Souffelweyersheim, Frankreich",,,,9.79,28
2,,Kenta Kobashi,"Fukuchiyama, Kyoto, Japan",186,115,,9.73,623
3,,Mitsuharu Misawa,"Yubari, Hokkaido, Japan",185,110,,9.72,525
4,,Manami Toyota,"Masuda, Shimane, Japan",168,72,,9.7,219
5,,Kazuchika Okada,"Anjo, Aichi, Japan",191,107,,9.69,840
6,,Toshiaki Kawada,"Fujioka, Tochigi, Japan",183,105,,9.68,265
7,,Hiroshi Tanahashi,"Ogaki, Gifu, Japan",181,101,,9.68,755
8,,Jaguar Yokota,"Tokyo, Japan",159,58,,9.65,39
9,,Jumbo Tsuruta,"Yamanashi, Japan",194,127,,9.64,194
10,,Mayu Iwatani,"Mine, Yamaguchi, Japan",163,53,,9.64,207
11,,Meiko Satomura,"Niigata, Japan",157,68,,9.63,201
12,,Akira Hokuto,"Yoshikawa, Saitama, Japan",168,63,,9.62,92
13,,Hiroyuki Unno,"Hatogaya, Saitama, Japan",173,76,,9.62,105
14,,Shawn Michaels,"Chandler, Arizona, USA",185,103,,9.61,1766
15,,Takumi Iroha,"Fukuoka, Japan",170,72,,9.59,40
16,,Jushin Thunder Liger,"Hiroshima, Japan",170,92,,9.59,629
17,,Arisa Nakajima,"Chichibu, Saitama, Japan",160,60,,9.57,67
18,,Lou Thesz,"Barnat, Michigan, USA",185,102,,9.56,128
19,,Megumi Kudo,"Koshiyaga, Saitama, Japan",162,60,,9.56,65
20,,Rikidozan,"South Hamgyong, Korea",176,116,,9.54,86
21,,Toshiyo Yamada,"Saitama, Japan",168,70,,9.53,31
22,,Paul Heyman,"Scarsdale, New York, USA",180,106,,9.53,668
23,,Chris Jericho,"Manhasset, New York, USA",180,103,,9.53,1834
24,,Bobby Heenan,"Chicago, Illinois, USA",183,105,,9.51,302
25,,El Santo,"Tulancingo, Hidalgo, Mexiko",175,95,,9.51,87
26,,ASUKA,"Yokohama, Kanagawa, Japan",174,67,,9.51,73
27,,Undertaker,"Houston, Texas, USA",208,136,,9.51,2117
28,,Io Shirai,"Kamakura, Kanagawa, Japan",156,55,,9.51,368
29,,Eddie Guerrero,"El Paso, Texas, USA",172,100,,9.49,982
30,,Minoru Suzuki,"Yokohama, Kanagawa, Japan",178,102,,9.49,479
31,,Tetsuya Naito,"Tokyo, Japan",180,102,,9.49,573
32,,Destroyer,"Buffalo, New York, USA",178,110,,9.48,32
33,,Katsuyori Shibata,"Kuwana, Mie, Japan",183,95,,9.48,398
34,,Tomohiro Ishii,"Kawasaki, Kanagawa, Japan",170,100,,9.48,525
35,,Steve Austin,"Austin, Texas, USA",188,116,,9.47,1050
36,,First Tiger Mask,"Shimonoseki, Yamaguchi, Japan",173,98,,9.47,163
37,,Billy Robinson,"Manchester, England, UK",188,110,,9.46,38
38,,AJ Styles,"Jacksonville, North Carolina, USA",180,99,,9.46,1535
39,,Kenny Omega,"Transcona, Manitoba, Canada",183,99,,9.46,961
40,,WALTER,"Wien, Österreich",193,134,,9.46,384
41,,Daniel Bryan,"Aberdeen, Washington, USA",173,95,,9.45,1436
42,,Kurt Angle,"Pittsburgh, Pennsylvania, USA",178,100,,9.45,1108
43,,Hiromu Takahashi,"Hachioji, Tokyo, Japan",171,88,,9.45,322
44,,Gene Okerlund,"Robbinsdale, Minnesota, USA",175,72,,9.42,176
45,,Cesar Duran,"Madrid, Spanien",,,,9.42,110
46,,Bret Hart,"Calgary, Alberta, Canada",183,107,,9.42,1109
47,,Karl Gotch,"Antwerpen, Antwerpen, Belgien",184,110,,9.42,82
48,,Johnny Saint,"Failsworth, Greater Manchester, England, UK",174,70,,9.42,113
49,,Kota Ibushi,"Kagoshima, Japan",181,93,,9.42,592
50,,Gorgeous George,"Butte, Nebraska, USA",173,94,,9.41,90
51,,Asuka,"Osaka, Japan",160,62,,9.41,541
52,,Howard Finkel,"New York City, New York, USA",173,76,,9.4,206
53,,Chigusa Nagayo,"Omura, Nagasaki, Japan",165,83,,9.4,44
54,,CM Punk,"Chicago, Illinois, USA",183,99,,9.39,1713
55,,Bruno Sammartino,"Pizzoferrato, Abruzzen, Italien",178,120,,9.39,199
56,,Ricky Steamboat,"West Point, New York, USA",178,107,,9.38,374
57,,Negro Casas,"Mexico City, Distrito Federal, Mexiko",170,76,,9.38,44
58,,Edge,"Orangeville, Ontario, Canada",193,108,,9.37,1482
59,,Naomichi Marufuji,"Saitama, Japan",176,90,,9.37,381
60,,Kento Miyahara,"Fukuoka, Japan",186,102,,9.37,185
61,,Kairi Sane,"Hikari, Yamaguchi, Japan",155,52,,9.34,261
62,,Takuya Nomura,"Tochigi, Japan",176,92,,9.34,49
63,,Buddy Rogers,"Camden, New Jersey, USA",183,107,,9.33,72
64,,Masashi Takeda,"Machida, Tokyo, Japan",170,85,,9.33,79
65,,Curt Hennig,"Minneapolis, Minnesota, USA",190,118,,9.31,525
66,,Keiji Muto,"Fujiyoshida, Yamanashi, Japan",188,110,,9.3,271
67,,Jim Ross,"Fort Bragg, California, USA",183,110,,9.29,499
68,,Shingo Takagi,"Chuo, Yamanashi, Japan",178,95,,9.29,358
69,,Stan Hansen,"Knox City, Texas, USA",192,138,,9.28,197
70,,Terry Funk,"Hammond, Indiana, USA",185,112,,9.28,347
71,,Kagetsu,"Settsu, Osaka, Japan",159,62,,9.28,91
72,,Aja Kong,"Tokyo, Japan",165,103,,9.28,137
73,,Go Shiozaki,"Kumamoto, Japan",183,110,,9.28,257
74,,Masaaki Mochizuki,"Tokyo, Japan",175,85,,9.28,82
75,,Yuji Okabayashi,"Nankoku, Kochi, Japan",175,120,,9.28,95
76,,Shinya Hashimoto,"Toki, Gifu, Japan",183,135,,9.27,111
77,,Arisa Hoshiki,"Funabashi, Chiba, Japan",167,52,,9.27,66
78,,Daisuke Sekimoto,"Osaka, Japan",175,115,,9.27,196
79,,Hyper Misao,"Ibaraki, Japan",164,,,9.26,30
80,,Ben-K,"Sakura, Chiba, Japan",174,99,,9.26,42
81,,Jun Akiyama,"Izuki, Osaka, Japan",188,110,,9.26,199
82,,Katsuhiko Nakajima,"Fukuoka, Japan",175,87,,9.26,205
83,,Owen Hart,"Calgary, Alberta, Canada",178,103,,9.25,528
84,,Yoshiaki Fujiwara,"Kitakami, Iwate, Japan",185,108,,9.24,37
85,,King Nakamura,"Mineyama, Kyoto, Japan",188,100,,9.24,802
86,,Takashi Sugiura,"Nagoya, Aichi, Japan",178,89,,9.24,152
87,,Mizuki,"Kobe, Hyogo, Japan",158,40,,9.24,36
88,,Rey Fenix,"Mexico City, Distrito Federal, Mexiko",177,75,,9.23,293
89,,Cesaro,"Luzern, Schweiz",195,110,,9.23,1175
90,,Yuki Ueno,"Osaka, Japan",174,78,,9.23,25
91,,Hayabusa,"Yatsushiro, Kumamoto, Japan",183,106,,9.22,157
92,,The Rock,"Hayward, California, USA",193,120,,9.22,1271
93,,Nigel McGuinness,"London, Greater London, England, UK",185,102,,9.22,384
94,,Nick Bockwinkel,"St. Paul, Minnesota, USA",178,120,,9.2,60
95,,Penta El Zero Miedo,"Mexico City, Distrito Federal, Mexiko",180,91,,9.2,337
96,,Chris Hero,"Dayton, Ohio, USA",193,122,,9.2,670
97,,Rina Yamashita,"Kagoshima, Japan",165,77,,9.2,29
98,,Rick Knox,"Riverside, California, USA",,,,9.19,47
99,,Stu Hart,"Saskatoon, Saskatchewan, Canada",178,105,,9.19,112
100,,Shuji Ishikawa,"Oshu, Iwate, Japan",195,130,,9.19,98
101,,Gordon Solie,"Minneapolis, Minnesota, USA",,,,9.18,50
102,,Genichiro Tenryu,"Katsuyama, Fukui, Japan",189,120,,9.18,119
103,,CIMA,"Sakai, Osaka, Japan",174,82,,9.18,201
104,,Mick Foley,"Bloomington, Indiana, USA",188,135,,9.17,877
105,,Kevin Owens,"Saint-Jean-sur-Richelieu, Quebec, Canada",180,120,,9.17,912
106,,Yuko Miyamoto,"Hatsukaichi, Hiroshima, Japan",175,90,,9.17,74
107,,Tsukasa Fujimoto,"Sendai, Miyagi, Japan",158,48,,9.17,52
108,,Sami Zayn,"Laval, Quebec, Canada",185,96,,9.16,798
109,,Austin Aries,"Milwaukee, Wisconsin, USA",175,91,,9.15,516
110,,Jake Lee,"Kitami, Hokkaido, Japan",192,110,,9.13,47
111,,Kensuke Sasaki,"Fukuoka, Japan",180,115,,9.12,175
112,,Randy Savage,"Columbus, Ohio, USA",186,106,,9.11,532
113,,YAMATO,"Ichinoseki, Iwate, Japan",172,82,,9.11,88
114,,Hiroshi Hase,"Oyabe, Toyama, Japan",183,105,,9.1,51
115,,Dynamite Kid,"Golborne, Lancashire, England, UK",173,104,,9.1,188
116,,Jun Kasai,"Obihiro, Hokkaido, Japan","173,5","91,5",,9.1,127
117,,Ric Flair,"Memphis, Tennessee, USA",180,110,,9.1,1085
118,,Bandido,"Torreon, Coahuila, Mexiko",170,83,,9.09,89
119,,Pete Dunne,"Birmingham, West Midlands, England, UK",179,93,,9.09,320
120,,Yuji Nagata,"Togane, Chiba, Japan",183,108,,9.09,296
121,,Gorilla Monsoon,"New York City, New York, USA",198,182,,9.08,114
122,,Dragon Lee,"Tala, Jalisco, Mexiko",171,75,,9.08,129
123,,Samoa Joe,"Orange County, California, USA",188,127,,9.08,871
124,,Vince McMahon,"New York City, New York, USA",185,100,,9.07,67
125,,Mike Quackenbush,"West Lawn, Pennsylvania, USA",183,87,,9.07,241
126,,Sting,"Omaha, Nebraska, USA",191,114,,9.07,817
127,,Maya Yukihi,"Chiba, Japan",164,57,,9.06,32
128,,Great Sasuke,"Morioka, Iwate, Japan",176,86,,9.06,131
129,,Fuminori Abe,"Setagaya, Tokyo, Japan",173,78,,9.06,31
130,,Mauro Ranallo,"Mount Lehman, Abbotsford, British Columbia, Canada",174,78,,9.05,221
131,,Ted DiBiase,"Miami Beach, Florida, USA",191,112,,9.05,328
132,,Keith Lee,"Wichita Falls, Texas, USA",188,151,,9.05,222
133,,Miyu Yamashita,"Fukuoka, Japan",165,,,9.04,68
134,,HARASHIMA,"Ome, Tokyo, Japan",178,90,,9.03,70
135,,Mayumi Ozaki,"Kawaguchi, Saitama, Japan",158,57,,9.02,42
136,,Momo Watanabe,"Sagamihara, Kanagawa, Japan",156,53,,9.02,123
137,,Trish Stratus,"Richmond Hill, Ontario, Canada",162,54,,9.01,550
138,,KENTA,"Souka, Saitama, Japan",174,85,,9.01,508
139,,Hana Kimura,"Yokohama, Kanagawa, Japan",164,58,,9,106
140,,Jesse Ventura,"Minneapolis, Minnesota, USA",193,123,,9,132
141,,Freddie Blassie,"St. Louis, Missouri, USA",178,100,,9,70
142,,Nobuhiko Takada,"Yokohama, Kanagawa, Japan",183,100,,9,39
143,,Tsukushi Haruka,"Kamisu, Ibaraki, Japan",146,44,,9,32
144,,Johnny Gargano,"Lakewood, Ohio, USA",178,90,,9,437
145,,Renee Young,"Ajax, Ontario, Canada",164,,,8.99,146
146,,Harley Race,"Kansas City, Missouri, USA",185,115,,8.99,147
147,,Will Ospreay,"Rainham, Essex, England, UK",185,100,,8.99,587
148,,Akira Taue,"Chichibu, Saitama, Japan",192,120,,8.99,135
149,,Tyler Bate,"Netherton, Dudley, West Midlands, England, UK",170,79,,8.98,251
150,,Alex Shelley,"Detroit, Michigan, USA",175,90,,8.95,397
151,,Demonic Flamita,"Ciudad Nezahualcoyotl, Estado de Mexico, Mexiko",170,75,,8.95,61
152,,Masato Tanaka,"Wakayama, Japan",181,90,,8.95,201
153,,Reo Hazuki,"Fukuoka, Japan",154,52,,8.94,47
154,,Vader,"Lynwood, California, USA",190,170,,8.94,433
155,,Charles Robinson,"Charlotte, North Carolina, USA",170,68,,8.94,162
156,,Bryce Remsburg,"Palmyra, Pennsylvania, USA",168,66,,8.94,76
157,,Shotaro Ashino,"Nishitokyo, Tokyo, Japan",174,85,,8.94,33
158,,Nanae Takahashi,"Kawaguchi, Saitama, Japan",165,65,,8.94,34
159,,Kushida,"Tokyo, Japan",175,85,,8.94,308
160,,Steve Wright,"Warrington, Cheshire, England, UK",185,95,,8.93,27
161,,Andrade El Idolo,"Gomez Palacio, Durango, Mexiko",180,95,,8.93,351
162,,Kyle O'Reilly,"Surrey, British Columbia, Canada",180,91,,8.93,360
163,,Chris Benoit,"Montreal, Quebec, Canada",175,101,,8.92,968
164,,Jacob Fatu,"California, USA",187,136,,8.92,36
165,,Jungle Kyona,"Nagoya, Aichi, Japan",156,62,,8.92,89
166,,Syuri,"Ebina, Kanagawa, Japan",162,52,,8.92,76
167,,Akito,"Nagoya, Aichi, Japan",175,84,,8.92,25
168,,Ares,"Zürich, Schweiz",180,98,,8.91,191
169,,Wesna,"Berlin, Deutschland",175,89,,8.91,120
170,,Shun Skywalker,"Toki, Gifu, Japan",180,85,,8.91,31
171,,Michael Buffer,"Philadelphia, Pennsylvania, USA",183,,,8.89,52
172,,Shoko Nakajima,"Niigata, Japan",147,,,8.88,40
173,,Paul Bearer,"Mobile, Alabama, USA",180,109,,8.87,258
174,,Yuji Hino,"Hirakata, Osaka, Japan",178,120,,8.87,51
175,,Konosuke Takeshita,"Osaka, Japan",187,99,,8.87,81
176,,Ultimo Dragon,"Nagoya, Aichi, Japan",172,83,,8.86,206
177,,El Hijo del Santo,"Mexico City, Distrito Federal, Mexiko",169,73,,8.85,52
178,,Takashi Sasaki,"Osaka, Japan",177,90,,8.84,31
179,,Tatsumi Fujinami,"Kunisaki, Oita, Japan",183,105,,8.83,83
180,,Mike Chioda,"Willingboro Township, New Jersey, USA",183,80,,8.82,73
181,,Kyoko Inoue,"Nanyo, Yamagata, Japan",166,108,,8.82,27
182,,Emi Sakura,"Chiba, Japan",158,70,,8.82,65
183,,Chihiro Hashimoto,"Sakai, Fukui, Japan",158,85,,8.82,32
184,,Otto Wanz,"Graz, Steiermark, Österreich",189,175,,8.81,42
185,,Lacey,"Minneapolis, Minnesota, USA",168,59,,8.81,109
186,,Yuki Ishikawa,"Odawara, Kanagawa, Japan",178,95,,8.81,30
187,,Seth Rollins,"Buffalo, Iowa, USA",187,93,,8.8,996
188,,Melissa Santos,Nicaragua,160,52,,8.8,44
189,,Hikaru Shida,"Samukawa, Kanagawa, Japan",165,60,,8.79,216
190,,Ilja Dragunov,"Moskau, Russland",175,85,,8.79,178
191,,Ryo Mizunami,"Nagoya, Aichi, Japan",160,67,,8.78,45
192,,Doug Williams,"Reading, Berkshire, England, UK",182,110,,8.77,290
193,,Naruki Doi,"Ikoma, Nara, Japan",172,82,,8.77,99
194,,Kenou,"Tokushima, Japan",174,95,,8.77,78
195,,Antonio Inoki,"Yokohama, Kanagawa, Japan",190,102,,8.76,118
196,,Christopher Daniels,"Kalamazoo, Michigan, USA",180,95,,8.76,596
197,,Ryuji Ito,"Takizawa, Iwate, Japan",185,95,,8.76,78
198,,Zack Sabre Jr.,"Isle of Sheppey, Kent, England, UK",183,85,,8.76,600
199,,Kay Lee Ray,"Glasgow, Scotland, UK",173,51,,8.76,133
200,,PAC,"Newcastle upon Tyne, Tyne and Wear, England, UK",172,88,,8.75,633
201,,Tetsuya Endo,"Shiroishi, Miyagi, Japan",180,88,,8.75,55
202,,Low Ki,"New York City, New York, USA",173,80,,8.74,432
203,,Dragon Kid,"Tokai, Aichi, Japan",162,70,,8.74,107
204,,Risa Sera,"Sera, Hiroshima, Japan",167,60,,8.74,26
205,,Tommaso Ciampa,"Everett, Massachusetts, USA",183,93,,8.73,332
206,,Rosemary,"Winnipeg, Manitoba, Canada",170,68,,8.73,80
207,,Konami,"Fukuyama, Hiroshima, Japan",156,55,,8.73,78
208,,Shigehiro Irie,"Osaka, Japan",173,115,,8.72,42
209,,Isami Kodaka,"Yokohama, Kanagawa, Japan",172,75,,8.72,57
210,,Tracy Williams,"New York City, New York, USA",188,84,,8.72,46
211,,Martin Kirby,"Thirsk, North Yorkshire, England, UK",180,82,,8.71,50
212,,BxB Hulk,"Sapporo, Hokkaido, Japan",178,78,,8.71,98
213,,Timothy Thatcher,"Sacramento, California, USA",190,102,,8.71,189
214,,Eita,"Nagano, Japan",170,75,,8.7,52
215,,Madison Eagles,"Sydney, New South Wales, Australia",185,75,,8.69,34
216,,Atsushi Onita,"Nagasaki, Japan",181,77,,8.69,71
217,,Christian Cage,"Kitchener, Ontario, Canada",185,95,,8.69,934
218,,Satoshi Kojima,"Tokyo, Japan",183,108,,8.69,198
219,,Ayako Hamada,"Mexico City, Distrito Federal, Mexiko",162,65,,8.68,64
220,,William Regal,"Codsall Wood, Staffordshire, England, UK",187,111,,8.68,657
221,,Cheerleader Melissa,"Los Angeles, California, USA",173,65,,8.68,140
222,,Dean Malenko,"Irvington, New Jersey, USA",172,98,,8.68,361
223,,Finn Balor,"Bray, County Wicklow, Ireland",180,87,,8.68,640
224,,Yuka Sakazaki,Japan,158,58,,8.67,78
225,,Sara Amato,"Martinez, California, USA",175,68,,8.66,129
226,,Cameron Grimes,"Cameron, North Carolina, USA",183,100,,8.66,185
227,,Kaito Kiyomiya,"Saitama, Japan",180,98,,8.66,79
228,,Sarah Stock,"Winnipeg, Manitoba, Canada",168,57,,8.65,91
229,,Akira Maeda,"Osaka, Japan",192,115,,8.64,38
230,,Zenshi,"Atlanta, Georgia, USA",175,78,,8.64,27
231,,Kazushi Sakuraba,"Katagami, Akita, Japan",180,85,,8.64,58
232,,Nick Jackson,"Hesperia, California, USA",178,81,,8.63,207
233,,Joel Gertner,"New York City, New York, USA",170,86,,8.62,51
234,,Kzy,"Ebetsu, Hokkaido, Japan",172,75,,8.62,52
235,,Sasha Banks,"Fairfield, California, USA",164,52,,8.62,608
236,,Riddle,"Allentown, Pennsylvania, USA",188,98,,8.62,268
237,,Hiroyo Matsumoto,"Hiratsuka, Kanagawa, Japan",167,70,,8.61,50
238,,Triple H,"Nashua, New Hampshire, USA",193,116,,8.61,1314
239,,Shuji Kondo,"Shizuoka, Japan",173,103,,8.6,47
240,,Beth Phoenix,"Elmira, New York, USA",170,70,,8.6,421
241,,Hachiman,"Kitahiroshima, Hokkaido, Japan",191,113,,8.6,54
242,,Naoya Nomura,"Kanazawa, Ishikawa, Japan",185,105,,8.6,39
243,,Saki Akai,"Kyoto, Japan",174,53,,8.6,39
244,,Koji Kanemoto,"Kobe, Hyogo, Japan",180,83,,8.59,69
245,,Masada,"Beaumont, Texas, USA",183,111,,8.59,85
246,,Bull Nakano,"Kawaguchi, Saitama, Japan",170,115,,8.58,105
247,,Truth Martini,"Hamtrack, Michigan, USA",173,89,,8.58,42
248,,Tony Deppen,"Shamokin, Pennsylvania, USA",169,75,,8.58,32
249,,Dory Funk Jr.,"Amarillo, Texas, USA",188,115,,8.58,82
250,,Ricochet,"Alton, Illinois, USA",175,85,,8.58,536
251,,Matt Jackson,"Rancho Cucamonga, California, USA",178,78,,8.58,207
252,,Mike Bailey,"Laval, Quebec, Canada",173,79,,8.58,126
253,,JT Dunn,"Providence, Rhode Island, USA",178,80,,8.57,36
254,,Tam Nakano,"Aichi, Japan",157,56,,8.57,103
255,,Taiji Ishimori,"Tagajo, Miyagi, Japan",163,75,,8.57,189
256,,Dave Prazak,"Chicago, Illinois, USA",170,66,,8.56,76
257,,Mil Mascaras,"San Luis Potosi, Mexiko",180,105,,8.56,56
258,,Jay Briscoe,"Salisbury, Maryland, USA",185,106,,8.56,252
259,,Masato Yoshino,"Higashiosaka, Osaka, Japan",172,75,,8.56,100
260,,Steve Douglas,"Meerane, Sachsen, Deutschland",185,94,,8.55,186
261,,David Starr,"Philadelphia, Pennsylvania, USA",180,96,,8.54,172
262,,Masahiro Chono,"Seattle, Washington, USA",186,96,,8.54,118
263,,Oney Lorcan,"Boston, Massachusetts, USA",185,88,,8.54,163
264,,Scott Hall,"Londontowne, Maryland, USA",195,120,,8.53,506
265,,Osamu Nishimura,"Tokyo, Japan",186,105,,8.53,42
266,,Minoru Tanaka,"Komaki, Aichi, Japan",175,76,,8.53,79
267,,Davey Boy Smith,"Manchester, England, UK",180,122,,8.52,356
268,,Sensational Sherri,"New Orleans, Louisiana, USA",170,63,,8.52,158
269,,Joe E. Legend,"Toronto, Ontario, Canada",190,121,,8.52,146
270,,Magnum TA,"Tidewater, Virginia, USA",186,109,,8.52,57
271,,Marty Scurll,"Littleport, Cambridgeshire, England, UK",175,83,,8.52,304
272,,Kazusada Higuchi,"Monbetsu, Hokkaido, Japan",185,110,,8.52,45
273,,Hirooki Goto,"Kuwana, Mie, Japan",182,103,,8.52,341
274,,Becky Lynch,"Dublin, Ireland",168,59,,8.52,562
275,,Daisuke Harada,"Suita, Osaka, Japan",169,80,,8.52,65
276,,Sarray,"Tokyo, Japan",158,60,,8.52,64
277,,Roddy Piper,"Saskatoon, Saskatchewan, Canada",183,104,,8.51,338
278,,Raven,"Philadelphia, Pennsylvania, USA",182,115,,8.51,403
279,,Lita,"Fort Lauderdale, Florida, USA",170,61,,8.51,424
280,,Davey Richards,"Othello, Washington, USA",172,92,,8.51,294
281,,Danshoku Dino,"Setoda, Hiroshima, Japan",179,105,,8.5,53
282,,Jon Moxley,"Cincinnati, Ohio, USA",188,102,,8.5,919
283,,Jay White,"Auckland, New Zealand",186,100,,8.5,358
284,,Tony Chimel,"Cherry Hill, New Jersey, USA",185,102,,8.49,123
285,,Dr. Wagner Jr,"Torreon, Coahuila, Mexiko",177,98,,8.49,60
286,,LA Park,"Torreon, Coahuila, Mexiko",185,136,,8.49,135
287,,AZM,"Tokyo, Japan",155,45,,8.49,86
288,,Brian Pillman,"Norwood, Ohio, USA",178,103,,8.48,210
289,,James Mason,"London, England, UK",180,100,,8.48,32
290,,Cara Noir,"Romford, Essex, England, UK",182,90,,8.48,45
291,,Ember Moon,"Dallas, Texas, USA",157,55,,8.48,231
292,,Thommy Giesen,"Moers, Nordrhein-Westfalen, Deutschland",,,,8.47,29
293,,Dave Penzer,"Atlanta, Georgia, USA",170,86,,8.47,31
294,,Toni Storm,"Auckland, New Zealand",168,65,,8.47,216
295,,Robbie Brookside,"Liverpool, Merseyside, England, UK",188,93,,8.47,82
296,,Adam Cole,"Panama City, Florida, USA",180,95,,8.47,490
297,,Rick Rude,"Robbinsdale, Minnesota, USA",191,114,,8.46,221
298,,Arn Anderson,"Rome, Georgia, USA",183,114,,8.46,296
299,,Steve Williams,"Lakewood, Colorado, USA",188,119,,8.45,154
300,,SUGI,"Fukuroi, Shizuoka, Japan",165,65,,8.45,55
301,,John Silver,"Wantagh, New York, USA",163,68,,8.45,79
302,,Rush,"Tala, Jalisco, Mexiko",183,93,,8.45,65
303,,Akira Tozawa,"Nishinomiya, Hyogo, Japan",170,71,,8.45,237
304,,MAO,"Osaki, Miyagi, Japan",177,80,,8.45,30
305,,Michael Kovac,"Linz, Oberösterreich, Österreich",180,104,,8.44,197
306,,Drake Younger,"Indianapolis, Indiana, USA",175,82,,8.44,175
307,,Josh Alexander,"Bolton, Ontario, Canada",185,109,,8.44,54
308,,Dakota Kai,"Auckland, New Zealand",165,58,,8.44,144
309,,Gabe Sapolsky,"Brookline, Massachusetts, USA",173,,,8.42,56
310,,Vince McMahon,"Pinehurst, North Carolina, USA",187,110,,8.42,592
311,,Chris Dickinson,"New York City, New York, USA",178,107,,8.42,72
312,,Ultimo Guerrero,"Gomez Palacio, Durango, Mexiko",173,93,,8.42,37
313,,John Klinger,"Bitburg, Rheinland-Pfalz, Deutschland",180,104,,8.42,282
314,,Ari Sterling,"Lexington, Kentucky, USA",186,84,,8.42,25
315,,John Morrison,"Palos Verdes, California, USA",185,96,,8.42,873
316,,Art Barr,"Portland, Oregon, USA",185,109,,8.41,33
317,,Malakai Black,"Alkmaar, Nordholland, Niederlande",180,96,,8.41,475
318,,Johnny Moss,"Egremont, England, UK",180,100,,8.4,44
319,,Santos Escobar,"Mexico City, Distrito Federal, Mexiko",180,90,,8.4,100
320,,Yukio Sakaguchi,"Tokyo, Japan",177,79,,8.4,34
321,,Natsupoi,"Yokohama, Kanagawa, Japan",150,47,,8.4,49
322,,Starlight Kid,Japan,150,45,,8.39,75
323,,Susumu Yokosuka,"Yokosuka, Kanagawa, Japan",173,77,,8.39,61
324,,Mark Haskins,"Oxford, England, UK",170,75,,8.39,109
325,,Adam Page,"Aaron's Creek, Virginia, USA",182,97,,8.39,315
326,,James Mitchell,"Orlando, Florida, USA",175,95,,8.38,116
327,,Gran Metalik,"Guadalajara, Jalisco, Mexiko",176,80,,8.37,137
328,,Tony St. Clair,"Bolton, England, UK",186,111,,8.36,43
329,,Bam Bam Bigelow,"Secaucus, New Jersey, USA",191,164,,8.36,311
330,,Riki Choshu,"Tokuyama, Yamaguchi, Japan",184,120,,8.36,54
331,,Super Dragon,"Los Angeles, California, USA",183,102,,8.36,166
332,,Jeff Cobb,"Honolulu, Hawaii, USA",178,119,,8.36,226
333,,Tegan Nox,"Bargoed, Wales, UK",167,64,,8.36,100
334,,Zeus,"Osaka, Japan",181,105,,8.36,68
335,,Verne Gagne,"Robbinsdale, Minnesota, USA",180,98,,8.35,54
336,,Jack Gallagher,"Manchester, England, UK",173,86,,8.35,158
337,,Finlay,"Greenisland, Carrickfergus, Northern Ireland, UK",178,106,,8.35,602
338,,Tomoaki Honma,"Higashine, Yamagata, Japan",181,98,,8.35,121
339,,MJF,"New York, USA",180,93,,8.35,212
340,,Kris Wolf,"Chicago, Illinois, USA",155,51,,8.33,32
341,,Superstar Billy Graham,"Paradise Valley, Arizona, USA",195,125,,8.33,98
342,,Victoria,"San Bernadino, California, USA",178,67,,8.32,291
343,,Andrew Everett,"Burlington, North Carolina, USA",175,77,,8.32,74
344,,Giant Baba,"Niigata, Japan",209,135,,8.31,88
345,,Gail Kim,"Toronto, Ontario, Canada",162,55,,8.31,346
346,,Milano Collection AT,"Morioka, Iwate, Japan",183,80,,8.31,88
347,,Awesome Kong,"Carson, California, USA",178,125,,8.31,276
348,,Fabian Aichner,"Pfalzen, Südtirol, Italien",184,100,,8.31,107
349,,Suwama,"Fujisawa, Kanagawa, Japan",188,120,,8.31,103
350,,Kimber Lee,"Seattle, Washington, USA",162,54,,8.31,84
351,,Peter William,"Berlin, Deutschland",,,,8.3,43
352,,ACH,"Austin, Texas, USA",175,84,,8.3,137
353,,Brodie Lee,"Rochester, New York, USA",201,125,,8.3,533
354,,Shinjiro Otani,"Yamaguchi, Japan",180,97,,8.3,76
355,,Joey Styles,"Philadelphia, Pennsylvania, USA",170,71,,8.29,186
356,,Matt Tremont,"Atlantic City, New Jersey, USA",178,108,,8.29,48
357,,Rey Mysterio,"San Ysidro, California, USA",162,74,,8.29,1100
358,,Rob Van Dam,"Battle Creek, Michigan, USA",185,107,,8.29,668
359,,Jimmy Jacobs,"Grand Rapids, Michigan, USA",170,82,,8.29,190
360,,Killer Kowalski,"Essex County, Ontario, Canada",201,125,,8.28,56
361,,Yoshihiro Takayama,"Tokyo, Japan",196,125,,8.28,101
362,,Shanna,"Lissabon, Portugal",164,54,,8.28,74
363,,Nick Mondo,"Minneapolis, Minnesota, USA",185,92,,8.27,105
364,,Captain Lou Albano,"Rom, Italien",178,159,,8.26,56
365,,Willie Mack,"St. Louis, Missouri, USA",178,127,,8.26,115
366,,Wes Lee,"Dayton, Ohio, USA",175,86,,8.26,52
367,,Chad Gable,"Minneapolis, Minnesota, USA",173,92,,8.26,261
368,,Perro Aguayo Jr.,"Mexico City, Distrito Federal, Mexiko",174,88,,8.25,27
369,,Velveteen Dream,"Washington, District Of Columbia, USA",188,103,,8.25,225
370,,Rampage Brown,"Leeds, Yorkshire, England, UK",185,106,,8.25,63
371,,Jamie Hayter,"Southampton, Hampshire, England, UK",172,65,,8.24,44
372,,Chuck Taylor,"Murray, Kentucky, USA",188,95,,8.24,270
373,,Isaiah Scott,"Tacoma, Washington, USA",185,91,,8.24,138
374,,Joe Hendry,"Edinburgh, Scotland, UK",185,104,,8.24,77
375,,Roderick Strong,"Eau Claire, Wisconsin, USA",178,91,,8.24,456
376,,Mike Awesome,"Tampa, Florida, USA",193,134,,8.23,195
377,,Mickie James,"Richmond, Virginia, USA",162,55,,8.23,494
378,,Jordan Devlin,"Bray, County Wicklow, Ireland",178,83,,8.23,128
379,,Mark Andrews,"Cardiff, Wales, UK",173,73,,8.23,114
380,,Kane,"Madrid, Spanien",208,147,,8.23,1053
381,,Colt Cabana,"Chicago, Illinois, USA",185,103,,8.23,332
382,,Fukigen Death,"Zushi, Kanagawa, Japan",150,57,,8.23,38
383,,El Desperado,"Nagaoka, Niigata, Japan",177,85,,8.23,152
384,,Ivelisse,"Chicago, Illinois, USA",165,54,,8.22,101
385,,William Eaver,"London, England, UK",180,91,,8.22,35
386,,Steve Corino,"Winnipeg, Manitoba, Canada",185,107,,8.22,173
387,,Tassilo Jung,"Siegburg, Nordrhein-Westfalen, Deutschland",190,90,,8.22,82
388,,Bayley,"Newark, California, USA",170,54,,8.22,488
389,,Mustafa Ali,"Bolingbrook, Illinois, USA",178,78,,8.21,180
390,,T-Hawk,"Tomakomai, Hokkaido, Japan",174,88,,8.21,55
391,,A-Kid,"Madrid, Spanien",173,70,,8.21,60
392,,Homicide,"New York City, New York, USA",175,99,,8.2,292
393,,Candice LeRae,"Winnipeg, Manitoba, Canada",157,51,,8.2,218
394,,Brody King,"Van Nuys, California, USA",195,129,,8.2,43
395,,Taz,"New York City, New York, USA",175,112,,8.2,298
396,,Dick Togo,"Odate, Akita, Japan",170,90,,8.2,75
397,,Utami Hayashishita,"Amami, Kagoshima, Japan",166,65,,8.2,117
398,,Soulfly,"Köln, Nordrhein-Westfalen, Deutschland",190,,,8.19,26
399,,Johnny Kidd,"London, England, UK",175,102,,8.19,26
400,,Laredo Kid,"Nuevo Laredo, Tamaulipas, Mexiko",172,90,,8.18,43
401,,DASH Chisako,"Sendai, Miyagi, Japan",151,56,,8.18,32
402,,Reckoning,"Fontana, California, USA",170,60,,8.18,113
403,,Trent Seven,"Wolverhampton, West Midlands, England, UK",178,95,,8.17,119
404,,Darby Allin,"Seattle, Washington, USA",173,78,,8.17,214
405,,Mei Suruga,"Kyoto, Japan",148,,,8.17,52
406,,Karsten Kretschmer,"Hamburg, Deutschland",182,103,,8.16,106
407,,Giulia,"London, England, UK",162,55,,8.16,102
408,,Volador Jr.,"Monclova, Coahuila, Mexiko",175,87,,8.16,61
409,,Dalton Castle,"Albany, New York, USA",180,99,,8.16,122
410,,Kotaro Suzuki,"Warabi, Saitama, Japan",170,86,,8.15,73
411,,Jimmy Hart,"Jackson, Mississippi, USA",178,75,,8.14,155
412,,Jesus Rodriguez,"Van Nuys, California, USA",180,98,,8.14,89
413,,Lance Storm,"Sarnia, Ontario, Canada",180,107,,8.13,259
414,,Matt Silva,"Melbourne, Victoria, Australia",178,93,,8.13,220
415,,Natalya,"Calgary, Alberta, Canada",165,61,,8.13,547
416,,Matt Sydal,"St. Louis, Missouri, USA",175,75,,8.12,558
417,,Masakatsu Funaki,"Hirosaki, Aomori, Japan",182,84,,8.12,25
418,,Tully Blanchard,"Calgary, Alberta, Canada",180,109,,8.12,94
419,,Daisuke Sasaki,"Tokyo, Japan",168,80,,8.12,41
420,,Zack Gibson,"Liverpool, Merseyside, England, UK",190,100,,8.12,79
421,,El Barbaro Cavernario,"Zapopan, Jalisco, Mexiko",172,88,,8.11,43
422,,Aero Star,"Mexico City, Distrito Federal, Mexiko",169,68,,8.11,73
423,,Brock Lesnar,"Webster, South Dakota, USA",193,121,,8.1,1018
424,,Brian Cage,"Chico, California, USA",183,120,,8.1,235
425,,Masanobu Fuchi,"Kitakyushu, Fukuoka, Japan",183,105,,8.1,39
426,,Titan,"Guadalajara, Jalisco, Mexiko",169,84,,8.09,32
427,,Mark Briscoe,"Salisbury, Maryland, USA",183,104,,8.09,190
428,,Munenori Sawa,"Tokyo, Japan",174,80,,8.09,32
429,,Doudrop,"Ayrshire, Scotland, UK",173,100,,8.09,84
430,,Dax Harwood,"Whiteville, North Carolina, USA",178,101,,8.09,149
431,,SHO,"Uwajima, Ehime, Japan",173,93,,8.09,127
432,,Road Warrior Hawk,"Minneapolis, Minnesota, USA",191,125,,8.07,146
433,,Katarina Leigh,"Lüneburg, Niedersachsen, Deutschland",175,64,,8.07,162
434,,Absolute Andy,"Nürnberg, Bayern, Deutschland",190,125,,8.07,234
435,,Eddie Kingston,"Yonkers, New York, USA",180,109,,8.07,256
436,,Paul London,"Austin, Texas, USA",178,82,,8.07,333
437,,Taylor Wilde,"Toronto, Ontario, Canada",160,55,,8.06,130
438,,Max Caster,"Long Island, New York, USA",,102,,8.06,33
439,,TAJIRI,"Tamana, Kumamoto, Japan",172,82,,8.06,271
440,,Yuma Aoyagi,"Matsumoto, Nagano, Japan",186,90,,8.06,33
441,,Rhea Ripley,"Adelaide, South Australia, Australia",170,62,,8.06,145
442,,Bruiser Brody,"Pennsylvania, USA",201,128,,8.05,84
443,,Cedric Alexander,"Charlotte, North Carolina, USA",178,93,,8.05,195
444,,Kalisto,"Chicago, Illinois, USA",167,77,,8.04,240
445,,Tessa Blanchard,"Charlotte, North Carolina, USA",165,56,,8.04,116
446,,Hikaru Sato,"Okayama, Japan",174,92,,8.04,26
447,,Randy Orton,"Knoxville, Tennessee, USA",193,110,,8.04,1410
448,,Maki Ito,"Fukuoka, Japan",160,,,8.03,91
449,,Hakeem Waqur,"Tayibe, Israel",181,123,,8.03,35
450,,Blue Nikita,"Thessaloniki, Griechenland",170,65,,8.03,86
451,,Chris Ridgeway,"Liverpool, Merseyside, England, UK",175,79,,8.03,29
452,,Cibernetico,"Aguascalientes, Mexiko",184,107,,8.03,28
453,,Extreme Tiger,"Tijuana, Baja California, Mexiko",160,67,,8.02,43
454,,AJ Lee,"Union City, New Jersey, USA",157,52,,8.02,405
455,,Lio Rush,"Lanham, Maryland, USA",168,73,,8.01,144
456,,Eric Schwarz,"Mainz, Rheinland-Pfalz, Deutschland",193,109,,8,104
457,,Chris Bey,"Alexandria, Virginia, USA",175,75,,8,25
458,,Larry Sweeney,"Winnetka, Illinois, USA",175,83,,7.99,95
459,,UltraMantis Black,"Pennsylvania, USA",183,91,,7.99,69
460,,Justin Roberts,"Chicago, Illinois, USA",178,77,,7.99,121
461,,Rich Swann,"Baltimore, Maryland, USA",168,77,,7.98,172
462,,Chris Sabin,"Detroit, Michigan, USA",177,81,,7.98,326
463,,Paul Tracey,"Bray, Co. Wicklow, Ireland",188,100,,7.97,38
464,,Ruby Soho,"Edwardsburg, Michigan, USA",163,55,,7.95,148
465,,Ikuto Hidaka,"Masuda, Shimane, Japan",172,80,,7.95,39
466,,Michael Elgin,"Oshawa, Ontario, Canada",180,111,,7.95,292
467,,MsChif,"Missouri, USA",170,61,,7.94,50
468,,Mance Warner,"Bucksnort, Tennessee, USA",185,98,,7.94,31
469,,Jon Ryan,"Medway, Kent, England, UK",178,99,,7.93,42
470,,Mr. Anderson,"Wisconsin Rapids, Wisconsin, USA",188,110,,7.93,613
471,,Gary Albright,"Rhode Island, USA",191,160,,7.92,25
472,,Sheik,"Lansing, Michigan, USA",180,110,,7.92,48
473,,Ricky Marvin,"Ciudad y Puerto de Veracruz, Veracruz, Mexiko",169,79,,7.92,77
474,,TAKA Michinoku,"Yotsukaido, Chiba, Japan",175,78,,7.92,172
475,,Drew Gulak,"Philadelphia, Pennsylvania, USA",180,92,,7.92,219
476,,Robbie Eagles,"Jonestown, New South Wales, Australia",177,80,,7.91,66
477,,Crazy Sexy Mike,"Berlin, Deutschland",178,93,,7.91,101
478,,Mercedes Martinez,"Waterbury, Connecticut, USA",170,67,,7.91,94
479,,Hikari Noa,"Hokkaido, Japan",153,,,7.9,30
480,,Trey Baxter,"Missouri, USA",,,,7.9,29
481,,Jack Brisco,"Blackwell, Oklahoma, USA",191,102,,7.9,30
482,,El Phantasmo,"Vancouver, British Columbia, Canada",183,83,,7.9,85
483,,Jordynne Grace,"St. Louis, Missouri, USA",156,68,,7.9,68
484,,Jonathan Gresham,"Atlanta, Georgia, USA",162,73,,7.89,141
485,,Josh Barnett,"Seattle, Washington, USA",190,114,,7.89,36
486,,Chris Brookes,"Tipton, West Midlands, England, UK",193,87,,7.88,96
487,,Yoshihito Sasaki,"Kawaguchi, Saitama, Japan",174,96,,7.88,33
488,,Takeshi Morishima,"Tokyo, Japan",190,125,,7.88,184
489,,Jonny Storm,"Milderth, England, UK",170,80,,7.87,78
490,,Thunder Rosa,"Tijuana, Baja California, Mexiko",161,54,,7.87,114
491,,Santana,"New York City, New York, USA",178,90,,7.86,49
492,,Kengo Mashimo,"Maizuru, Kyoto, Japan",180,98,,7.86,27
493,,Diamond Dallas Page,"Point Pleasant, New Jersey, USA",196,106,,7.85,323
494,,Rey Horus,"Tijuana, Baja California, Mexiko",170,75,,7.85,46
495,,Jake Roberts,"Gainesville, Texas, USA",195,113,,7.85,266
496,,Baron von Hagen,"Hamburg, Deutschland",183,120,,7.84,61
497,,Chris Raaber,"Leoben, Steiermark, Österreich",192,114,,7.84,126
498,,MVP,"Miami, Florida, USA",180,114,,7.83,709
499,,Ace Austin,"Atlantic City, New Jersey, USA",173,79,,7.83,53
500,,Hugo Savinovich,"Guayaquil, Ecuador",178,105,,7.82,33
501,,Angelico,"Johannesburg, South Africa",190,97,,7.82,151
502,,SANADA,"Niigata, Japan",182,100,,7.82,276
503,,Jeremy Borash,"Minneapolis, Minnesota, USA",178,82,,7.8,99
504,,Skayde,"Mexico City, Distrito Federal, Mexiko",170,87,,7.8,29
505,,The Brian Kendrick,"Fairfax, Virginia, USA",173,71,,7.8,505
506,,Jeff Hardy,"Cameron, North Carolina, USA",185,99,,7.8,1216
507,,Mexxberg,"Graz, Steiermark, Österreich",190,110,,7.8,53
508,,Woman,"Boston, Massachusetts, USA",165,63,,7.79,47
509,,Drago,"Mexico City, Distrito Federal, Mexiko",174,79,,7.79,72
510,,Brain Damage,"Mansfield, Ohio, USA",192,123,,7.78,63
511,,Eric Bischoff,"Detroit, Michigan, USA",178,88,,7.78,216
512,,Dolph Ziggler,"Cleveland, Ohio, USA",183,100,,7.78,829
513,,Charlotte Flair,"Charlotte, North Carolina, USA",178,65,,7.78,593
514,,Jim Cornette,"Louisville, Kentucky, USA",183,105,,7.77,241
515,,Danny Havoc,"Cylinder, Iowa, USA",185,86,,7.77,96
516,,Terry Gordy,"Chattanooga, Tennessee, USA",195,135,,7.77,72
517,,Travis Banks,"Auckland, New Zealand",173,86,,7.77,101
518,,Sammy Guevara,"Katy, Texas, USA",178,84,,7.77,153
519,,Eddie Edwards,"Boston, Massachusetts, USA",180,97,,7.77,202
520,,Bianca Belair,"Knoxville, Tennessee, USA",170,,,7.77,174
521,,Sami Callihan,"Bellefontaine, Ohio, USA",175,95,,7.77,243
522,,Nicole Matthews,"Coquitlam, British Columbia, Canada",173,66,,7.76,37
523,,Kaio,"Como, Italien",190,103,,7.75,27
524,,Tony Nese,"Ridge, New York, USA",175,89,,7.75,144
525,,SUWA,"Kagoshima, Japan",173,95,,7.74,30
526,,Portia Perez,"Ottawa, Ontario, Canada",157,55,,7.74,41
527,,Drew McIntyre,"Ayr, Scotland, UK",196,121,,7.74,657
528,,Jungle Boy,"California, USA",178,76,,7.74,134
529,,Steve Maclin,"Rutherford, New Jersey, USA",183,102,,7.74,30
530,,Jerry Lynn,"Minneapolis, Minnesota, USA",175,93,,7.73,226
531,,Erik,"Cleveland, Ohio, USA",185,112,,7.73,79
532,,Angel Garza,"Monterrey, Nuevo Leon, Mexiko",181,96,,7.73,92
533,,AR Fox,"Ansonia, Connecticut, USA",183,84,,7.72,97
534,,Cassie Lee,"Sydney, New South Wales, Australia",170,60,,7.72,155
535,,Jerry Lawler,"Memphis, Tennessee, USA",183,110,,7.72,370
536,,Wade Barrett,"Penwortham, Lancashire, England, UK",201,113,,7.72,453
537,,Jimmy Havoc,"Dartford, Kent, England, UK",178,77,,7.71,142
538,,Heimo Ukonselkä,"Helsinki, Finnland",185,105,,7.71,33
539,,Fred Yehi,"Georgia, USA",175,84,,7.71,37
540,,Ivar,"Lynn, Massachusetts, USA",187,133,,7.71,92
541,,Ricky Starks,"New Orleans, Louisiana, USA",183,88,,7.7,66
542,,Danny Burch,"London, England, UK",183,86,,7.7,141
543,,Koji Iwamoto,"Kuwana, Mie, Japan",175,90,,7.7,29
544,,Daizee Haze,"Cape Girardeau, Missouri, USA",162,50,,7.69,87
545,,Melina,"Los Angeles, California, USA",162,55,,7.69,312
546,,Su Yung,"Seattle, Washington, USA",165,59,,7.69,48
547,,Ikemen Jiro,"Tokyo, Japan",180,90,,7.69,34
548,,Marcel Barthel,"Pinneberg, Schleswig-Holstein, Deutschland",190,95,,7.69,184
549,,Kimberly Page,"Chicago, Illinois, USA",178,55,,7.68,58
550,,Molly Holly,"Forest Lake, Minnesota, USA",162,64,,7.68,133
551,,Andre The Giant,"Coulommiers, Ile-de-Frances, Frankreich",213,240,,7.68,300
552,,Caristico,"Mexico City, Distrito Federal, Mexiko",170,79,,7.68,274
553,,Cash Wheeler,"Raleigh, North Carolina, USA",175,94,,7.68,132
554,,Kacy Catanzaro,"Glen Ridge, New Jersey, USA",153,43,,7.68,40
555,,Alundra Blayze,"Mailand, Italien",178,68,,7.67,124
556,,Karl Anderson,"Detroit, Michigan, USA",184,97,,7.67,261
557,,Joe Coffey,"Glasgow, Scotland, UK",180,114,,7.67,75
558,,Kylie Rae,"Chicago, Illinois, USA",165,66,,7.67,41
559,,Ethan Page,"Stoney Creek, Ontario, Canada",188,103,,7.67,89
560,,Ophidian,USA,170,75,,7.66,46
561,,Kaz Hayashi,"Tokyo, Japan",173,83,,7.66,75
562,,Robert Roode,"Peterborough, Ontario, Canada",183,106,,7.66,471
563,,The Fiend,"Brooksville, Florida, USA",190,136,,7.66,697
564,,Maika,"Fukuoka, Japan",162,60,,7.65,45
565,,LA Knight,"Hagerstown, Maryland, USA",188,104,,7.65,105
566,,Flash Morgan Webster,"Abertillery, Wales, UK",173,71,,7.65,73
567,,Masa Kitamiya,"Tonami, Toyama, Japan",172,103,,7.65,42
568,,RD Evans,"Winnipeg, Manitoba, Canada",189,90,,7.64,32
569,,Sabu,"Detroit, Michigan, USA",178,102,,7.64,372
570,,Stacy Keibler,"Baltimore, Maryland, USA",180,61,,7.63,181
571,,Kerry von Erich,"Niagara Falls, New York, USA",188,115,,7.63,105
572,,Mikey Whiplash,"Stoke-On-Trent, England, UK",187,98,,7.63,29
573,,Shelton Benjamin,"Orangeburg, South Carolina, USA",188,113,,7.63,580
574,,Cannonball Grizzly,"Omaha, Nebraska, USA",188,186,,7.62,76
575,,Emilia McKenzie,"Coventry, England, UK",167,58,,7.62,38
576,,El Lindaman,"Tokyo, Japan",161,80,,7.62,36
577,,Tom Lawlor,"Fall River, Massachusetts, USA",183,93,,7.61,30
578,,Sarah Logan,"Jeffersonville, Indiana, USA",165,63,,7.6,76
579,,John Cena,"West Newbury, Massachusetts, USA",185,114,,7.6,1885
580,,Ryo Saito,"Yamagata, Japan",170,80,,7.6,59
581,,Austin Theory,"McDonough, Georgia, USA",185,100,,7.6,67
582,,Sunny,"Asbury Park, New Jersey, USA",162,54,,7.59,144
583,,Carlos Cabrera,"Bogota, Kolumbien",178,96,,7.59,26
584,,Santana Garrett,"Ocala, Florida, USA",165,54,,7.59,68
585,,Shane McMahon,"Gaithersburg, Maryland, USA",187,105,,7.59,510
586,,Umaga,"San Francisco, California, USA",193,158,,7.58,489
587,,Atsushi Aoki,"Tokyo, Japan",170,85,,7.58,76
588,,Marius Al-Ani,"Eisenach, Thüringen, Deutschland",176,90,,7.58,58
589,,KAI,"Yokohama, Kanagawa, Japan",177,100,,7.58,32
590,,Paul Orndorff,"Winchester, Virginia, USA",185,115,,7.57,113
591,,Frankie Kazarian,"Palm Springs, California, USA",185,98,,7.57,309
592,,Nikki ASH,"Glasgow, Scotland, UK",155,55,,7.57,164
593,,Bobby Fish,"Albany, New York, USA",180,89,,7.57,190
594,,Thumbtack Jack,"München, Bayern, Deutschland",178,83,,7.56,183
595,,Chris Bosh,"Beverly Hills, California, USA",180,94,,7.56,40
596,,Emil Sitoci,"Ede, Gelderland, Niederlande",184,94,,7.56,153
597,,Ahmed Chaer,"Berlin, Deutschland",170,75,,7.56,93
598,,Kazunari Murakami,"Toyama, Japan",186,110,,7.56,26
599,,Trent,"Mt. Sinai, New York, USA",188,88,,7.56,220
600,,Alex Pain,"Mücheln, Sachsen-Anhalt, Deutschland",180,95,,7.55,52
601,,Bobby Eaton,"Huntsville, Alabama, USA",182,107,,7.55,88
602,,Freddy Stahl,"Bückeburg, Niedersachsen, Deutschland",176,95,,7.55,39
603,,Antonio Honda,"Tokyo, Japan",168,80,,7.55,32
604,,Matt Hardy,"Cameron, North Carolina, USA",185,106,,7.55,846
605,,Kohei Sato,"Koto, Tokyo, Japan",193,120,,7.55,39
606,,Montez Ford,"Chicago, Illinois, USA",185,105,,7.55,77
607,,Shota Umino,"Tokyo, Japan",183,93,,7.55,54
608,,Damon Brix,"Linz, Oberösterreich, Österreich",190,107,,7.54,56
609,,Gregory Iron,"Cleveland, Ohio, USA",165,75,,7.54,25
610,,Tenille Dashwood,"Melbourne, Victoria, Australia",165,60,,7.53,229
611,,Paul Burchill,"Guildford, Surrey, England, UK",193,128,,7.52,208
612,,T-BAR,"Worcester, Massachusetts, USA",201,118,,7.52,137
613,,Nick Patrick,"Lakeland, Florida, USA",188,100,,7.51,62
614,,Michael Knight,"Schwerin, Mecklenburg-Vorpommern, Deutschland",178,85,,7.51,78
615,,Alex Koslov,Moldawien,170,86,,7.51,70
616,,Kazuyuki Fujita,"Funabashi, Chiba, Japan",182,115,,7.51,36
617,,Prince Nana,Ghana,180,107,,7.51,46
618,,Jack Evans,"Parkland, Washington, USA",173,77,,7.51,261
619,,Paige,"Norwich, Norfolk, England, UK",173,54,,7.51,438
620,,Dick Murdoch,"Amarillo, Texas, USA",187,126,,7.5,37
621,,Clark Connors,"Snoqualmie, Washington, USA",173,84,,7.5,25
622,,Shinobu,"Tome, Miyagi, Japan",173,78,,7.5,25
623,,Manabu Soya,"Minowa, Nagano, Japan",180,112,,7.5,27
624,,Rocky Romero,"Havanna, Kuba",170,78,,7.49,195
625,,Rick Martel,"Quebec City, Quebec, Canada",185,108,,7.49,161
626,,James Storm,"Franklin, Tennessee, USA",185,103,,7.49,271
627,,Tatsuhito Takaiwa,"Kameoka, Kyoto, Japan",178,94,,7.49,42
628,,Orange Cassidy,"Stewartsville, New Jersey, USA",178,73,,7.49,193
629,,Noam Dar,"Tel Aviv, Israel",175,77,,7.49,141
630,,JJ Dillon,"Trenton, New Jersey, USA",180,108,,7.48,28
631,,JC Bailey,"Louisville, Kentucky, USA",183,86,,7.48,43
632,,Rickey Shane Page,"Lordstown, Ohio, USA",196,128,,7.48,32
633,,Kevin von Erich,"Belleville, Illinois, USA",188,107,,7.48,30
634,,EC3,"Willoughby, Ohio, USA",185,102,,7.48,231
635,,Sheamus,"Dublin, Ireland",193,121,,7.48,736
636,,Daichi Hashimoto,"Kanagawa, Japan",180,92,,7.48,47
637,,Master Wato,"Ikeda, Osaka, Japan",176,80,,7.48,74
638,,Lilian Garcia,"Madrid, Spanien",165,50,,7.47,183
639,,Ole Anderson,"Minneapolis, Minnesota, USA",185,116,,7.47,35
640,,Silas Young,"Appleton, Wisconsin, USA",180,100,,7.47,92
641,,Damo,"Belfast, Northern Ireland, UK",190,146,,7.47,119
642,,Stu Grayson,"Victoriaville, Quebec, Canada",178,85,,7.47,74
643,,Matt Cross,"Cleveland, Ohio, USA",170,83,,7.46,197
644,,Tristan Archer,"Amiens, Nord-Pas-de-Calais-Picardie, Frankreich",179,90,,7.46,34
645,,Ronda Rousey,"Riverside, California, USA",170,61,,7.45,169
646,,Miu Watanabe,"Saitama, Japan",159,,,7.45,32
647,,Shane Helms,"Smithfield, North Carolina, USA",180,98,,7.45,342
648,,Ryusuke Taguchi,"Iwanuma, Miyagi, Japan",180,91,,7.45,186
649,,Human Tornado,"Bakersfield, California, USA",190,78,,7.44,81
650,,The Miz,"Parma, Ohio, USA",185,105,,7.44,1216
651,,Jade Chung,"Guelph, Ontario, Canada",168,50,,7.43,27
652,,Lenny Leonard,"New York City, New York, USA",170,,,7.42,37
653,,Bully Ray,"Massapequa, New York, USA",193,127,,7.42,439
654,,Kagetora,"Koutou, Tokyo, Japan",170,80,,7.42,35
655,,Excalibur,"Detroit, Michigan, USA",188,84,,7.42,94
656,,TJ Wilson,"Calgary, Alberta, Canada",175,91,,7.42,329
657,,Hiroyoshi Tenzan,"Kyoto, Japan",183,115,,7.42,149
658,,Yoshinobu Kanemaru,"Kofu, Yamanashi, Japan",173,85,,7.42,95
659,,Ingo Vollenberg,"Schmallenberg, Nordrhein-Westfalen, Deutschland",180,70,,7.41,28
660,,Frightmare,"Middlesex, New Jersey, USA",173,77,,7.41,26
661,,Genki Horiguchi,"Kumamoto, Japan",173,75,,7.41,55
662,,Hajime Ohara,"Kawasaki, Kanagawa, Japan",175,90,,7.41,36
663,,Slapjack,"Perth, Western Australia, Australia",187,102,,7.41,78
664,,Stan Lane,"Greensboro, North Carolina, USA",185,102,,7.4,29
665,,Jurn Simmons,"Heeg, Friesland, Niederlande",188,115,,7.4,57
666,,Angelina Love,"Toronto, Ontario, Canada",168,57,,7.4,186
667,,Joe Doering,"Chicago, Illinois, USA",195,135,,7.4,51
668,,Riho,"Shinagawa, Tokyo, Japan",156,45,,7.39,138
669,,Daga,"Estado de Mexico, Mexiko",173,82,,7.39,35
670,,Kris Statlander,"West Islip, New York, USA",173,65,,7.39,79
671,,Jinsei Shinzaki,"Tokushima, Japan",180,108,,7.39,104
672,,Dusty Rhodes,"Austin, Texas, USA",186,137,,7.38,244
673,,Pedro Morales,"Culebra, Puerto Rico, USA",180,109,,7.37,45
674,,Hideyoshi Kamitani,"Matsusaka, Mie, Japan",180,108,,7.36,32
675,,Takao Omori,"Tokyo, Japan",190,110,,7.36,57
676,,Kofi Kingston,"Kumasi, Ashanti-Region, Ghana",185,97,,7.36,731
677,,Atsushi Kotoge,"Kaizuka, Osaka, Japan",177,91,,7.36,38
678,,Franky Monet,"Victoria, British Columbia, Canada",173,66,,7.36,75
679,,Beulah,"Kalamazoo, Michigan, USA",167,52,,7.35,65
680,,Don Callis,"Winnipeg, Manitoba, Canada",188,105,,7.35,77
681,,Chris Colen,"Wien, Österreich",185,101,,7.35,90
682,,Axel Tischer,"Dresden, Sachsen, Deutschland",187,111,,7.35,218
683,,Ortiz,"New York City, New York, USA",173,87,,7.35,50
684,,Tyler Breeze,"Calgary, Alberta, Canada",185,89,,7.35,263
685,,Cody Rhodes,"North Carolina, USA",185,100,,7.35,932
686,,Damian Priest,"West Nyack, New York, USA",200,114,,7.35,106
687,,Luther Ward,"Dublin, Ireland",185,110,,7.34,28
688,,Perry Saturn,"Lakewood, Ohio, USA",178,106,,7.34,186
689,,Leyla Hirsch,"Moskau, Russland",150,57,,7.34,46
690,,Francine,"Bear, Delaware, USA",170,53,,7.33,50
691,,Savannah,"Vancouver, British Columbia, Canada",165,49,,7.33,29
692,,Allysin Kay,"Detroit, Michigan, USA",178,68,,7.33,51
693,,Joseph Parks,"Washington, District Of Columbia, USA",195,159,,7.33,413
694,,Shayna Baszler,"Sioux Falls, South Dakota, USA",170,62,,7.33,197
695,,Allison Danger,"Winnipeg, Manitoba, Canada",170,56,,7.32,58
696,,Mountie,"St. Sulpice, Quebec, Canada",185,109,,7.32,116
697,,Matt Cappotelli,"Norwich, New York, USA",183,100,,7.32,27
698,,Nathan Cruz,"Kingston-Upon-Hull, England, UK",183,92,,7.32,27
699,,Miro,"Plovdiv, Bulgarien",183,127,,7.32,431
700,,Ivan Kiev,"Berlin, Deutschland",188,93,,7.31,79
701,,Saraya Knight,"Penzance, Cornwall, England, UK",170,60,,7.31,35
702,,Ken Shamrock,"Warner Robins, Georgia, USA",185,95,,7.31,197
703,,Alberto El Patron,"San Luis Potosi, Mexiko",197,108,,7.31,550
704,,Sanshiro Takagi,"Osaka, Japan",175,105,,7.31,28
705,,Jetta,"Coventry, West Midlands, England, UK",165,57,,7.3,42
706,,Mike Rotunda,"Syracuse, New York, USA",192,116,,7.3,197
707,,Phil LaFon,"Nipigon, Ontario, Canada",180,105,,7.3,39
708,,Road Warrior Animal,"Philadelphia, Pennsylvania, USA",185,130,,7.29,168
709,,Hallowicked,"Pennsylvania, USA",188,96,,7.29,69
710,,Jinny,"London, England, UK",167,58,,7.29,48
711,,Chaos,"Aarhus, Dänemark",183,109,,7.29,30
712,,Deonna Purrazzo,"Jefferson, New Jersey, USA",157,55,,7.29,76
713,,Kimona Wanalaya,"Seoul, Südkorea",156,46,,7.28,31
714,,Alex Colon,"Hammonton, New Jersey, USA",171,86,,7.28,39
715,,Luchasaurus,"Woodlands Hills, California, USA",196,106,,7.28,94
716,,Jay Lethal,"Elizabeth, New Jersey, USA",178,97,,7.28,413
717,,Gedo,"Musashimurayama, Tokyo, Japan",172,86,,7.28,118
718,,Pope,"Jacksonville, Florida, USA",185,100,,7.28,286
719,,Raul Mendoza,"Cordoba, Veracruz, Mexiko",171,80,,7.28,38
720,,Alex Wright,"Schwabach, Bayern, Deutschland",195,101,,7.27,213
721,,Psycho Clown,"Mexico City, Distrito Federal, Mexiko",189,107,,7.27,25
722,,Vampiro,"Thunder Bay, Ontario, Canada",190,113,,7.27,157
723,,Kenny Williams,"Glasgow, Scotland, UK",175,82,,7.27,25
724,,Robert Anthony,"Plainfield, Illinois, USA",192,100,,7.26,33
725,,Brent Albright,"Tulsa, Oklahoma, USA",183,108,,7.25,107
726,,Apollo Crews,"Sacramento, California, USA",185,110,,7.25,325
727,,EVIL,"Mishima, Shizuoka, Japan",178,106,,7.25,249
728,,Uli Fesseler,"Hamburg, Deutschland",158,48,,7.24,32
729,,Barry Windham,"Fargo, Georgia, USA",196,126,,7.24,124
730,,Douki,Japan,170,85,,7.24,37
731,,Too Cold Scorpio,"Texas, USA",185,105,,7.24,161
732,,Jason Lee,"Hong Kong, China",172,72,,7.24,28
733,,Paul Wight,"Aiken, South Carolina, USA",213,180,,7.24,897
734,,Taiyo Kea,"Honolulu, Hawaii, USA",185,106,,7.24,48
735,,Ren Narita,"Aomori, Japan",182,83,,7.24,37
736,,Billy Kidman,"New Haven, Connecticut, USA",177,89,,7.23,232
737,,Killer Kelly,"Lissabon, Portugal",165,58,,7.22,45
738,,Booker T,"Houston, Texas, USA",190,113,,7.22,622
739,,TJP,"Los Angeles, California, USA",178,76,,7.22,276
740,,Reckless Youth,"Mt. Holly, New Jersey, USA",178,91,,7.21,28
741,,Alex Reynolds,"Southampton, New York, USA",178,89,,7.21,46
742,,Natsu Sumire,"Iwakura, Aichi, Japan",164,60,,7.21,33
743,,Kevin Nash,"Detroit, Michigan, USA",211,127,,7.21,561
744,,Juice Robinson,"Joliet, Illinois, USA",191,100,,7.21,280
745,,Amazing Red,"Cayey, Puerto Rico, USA",168,70,,7.2,141
746,,Joel Redman,"Exeter, Devon, England, UK",185,99,,7.2,50
747,,Maria Kanellis-Bennett,"Ottawa, Illinois, USA",170,52,,7.2,342
748,,Kevin Kelly,"New York City, New York, USA",178,109,,7.19,42
749,,Robert Dreissker,"Tulln, Niederösterreich, Österreich",180,134,,7.19,61
750,,John Bradshaw Layfield,"Athens, Texas, USA",195,128,,7.19,633
751,,Cheech,"New York City, New York, USA",183,80,,7.18,60
752,,King Muertes,"Bayamon, Puerto Rico, USA",183,111,,7.18,158
753,,Jason Jordan,"Tinley Park, Illinois, USA",190,107,,7.18,175
754,,Elizabeth,"Frankfort, Kentucky, USA",163,54,,7.17,118
755,,Mr. Fuji,"Honolulu, Hawaii, USA",178,109,,7.17,110
756,,Tito Santana,"Mission, Texas, USA",188,107,,7.17,141
757,,Sasa Keel,"Split, Dalmatien, Kroatien",196,106,,7.16,56
758,,Shane Douglas,"Pittsburgh, Pennsylvania, USA",183,111,,7.16,171
759,,Tommy Dreamer,"Yonkers, New York, USA",188,116,,7.16,437
760,,Corey Graves,"Pittsburgh, Pennsylvania, USA",185,93,,7.16,151
761,,El Texano Jr.,"Mexico City, Distrito Federal, Mexiko",174,100,,7.16,48
762,,Hulk Hogan,"Augusta, Georgia, USA",193,125,,7.15,965
763,,Mark Coffey,"Glasgow, Scotland, UK",188,108,,7.15,25
764,,Scorpio Sky,"Los Angeles, California, USA",178,80,,7.15,114
765,,Rhino,"Dearborn, Michigan, USA",177,134,,7.15,405
766,,Shane Taylor,"Cleveland, Ohio, USA",185,143,,7.15,25
767,,Alexa Bliss,"Columbus, Ohio, USA",155,46,,7.15,433
768,,Wardlow,"Cleveland, Ohio, USA",188,113,,7.15,61
769,,Paul Robinson,"England, UK",167,64,,7.14,49
770,,Peter White,"Wien, Österreich",188,100,,7.14,28
771,,Jeff Jarrett,"Hendersonville, Tennessee, USA",183,107,,7.14,425
772,,Earl Hebner,"King William County, Virginia, USA",170,73,,7.13,105
773,,Mike Kruel,"New York City, New York, USA",180,102,,7.13,29
774,,Da Mack,"Hamburg, Deutschland",182,84,,7.13,115
775,,Christina Von Eerie,"Sacramento, California, USA",163,56,,7.13,30
776,,Jamie Noble,"Hanover, West Virginia, USA",170,91,,7.13,305
777,,PCO,"Montreal, Quebec, Canada",185,124,,7.12,146
778,,Daffney,"Wiesbaden, Hessen, Deutschland",168,59,,7.11,111
779,,Marty Martinez,"West Jordan, Utah, USA",188,98,,7.11,44
780,,PJ Black,"Cape Town, South Africa",185,97,,7.11,248
781,,Kazuki Hashimoto,"Soka, Saitama, Japan",170,80,,7.11,26
782,,Eddie Gilbert,"Lexington, Tennessee, USA",178,101,,7.1,30
783,,Robert Ray,"Graz, Steiermark, Österreich",185,100,,7.1,40
784,,Bronson Reed,Australia,180,125,,7.1,67
785,,Muhammad Hassan,"Syracuse, New York, USA",188,105,,7.09,150
786,,Thom Latimer,"Harrogate, England, UK",190,105,,7.09,67
787,,Jake Atlas,"El Monte, California, USA",,,,7.09,34
788,,Powerhouse Hobbs,"Palo Alto, California, USA",185,109,,7.09,31
789,,Velvet Sky,"New Britain, Connecticut, USA",165,57,,7.08,202
790,,Tim Donst,"East Stroudsburg, Pennsylvania, USA",178,109,,7.08,50
791,,Kip Sabian,"Great Yarmouth, Norfolk, England, UK",180,82,,7.08,62
792,,Butcher,"Buffalo, New York, USA",191,124,,7.08,35
793,,El Samurai,"Hanamaki, Iwate, Japan",180,85,,7.08,39
794,,Yuya Uemura,"Imabari, Ehime, Japan",180,82,,7.08,36
795,,Hector Garza,"Monterrey, Nuevo Leon, Mexiko",178,95,,7.07,45
796,,Rambo,"Santo Domingo de Guzmán, Dominikanische Republik",170,100,,7.07,27
797,,Blade,"Buffalo, New York, USA",183,100,,7.07,44
798,,Serena Deeb,"Oakton, Virginia, USA",162,58,,7.07,128
799,,Wifebeater,"Dallas, Texas, USA",193,111,,7.06,32
800,,Ron Simmons,"Perry, Georgia, USA",185,125,,7.06,242
801,,Primate,"Newcastle upon Tyne, England, UK",180,95,,7.06,33
802,,Ligero,"Leeds, West Yorkshire, England, UK",170,73,,7.05,86
803,,LuFisto,"Sorel, Quebec, Canada",160,63,,7.05,83
804,,Saya Kamitani,"Kanagawa, Japan",168,58,,7.05,54
805,,Scott Lost,"Santa Cruz, California, USA",175,84,,7.04,49
806,,Yoshinari Ogawa,"Toride, Ibaraki, Japan",180,85,,7.04,82
807,,Dave Mastiff,"Dudley, West Midlands, England, UK",175,143,,7.03,72
808,,Ryouji Sai,"Osaka, Japan",190,105,,7.03,30
809,,Mr. Insanity,"Detroit, Michigan, USA",192,107,,7.02,48
810,,Gran Akuma,"Boyertown, Pennsylvania, USA",178,90,,7.01,76
811,,Alofa,Samoa,188,165,,7,37
812,,Vincent,"Warwick, Rhode Island, USA",183,86,,7,26
813,,Ace Romero,"Saco, Maine, USA",184,181,,7,36
814,,Mansoor,"Riyadh, Saudi Arabia",183,89,,7,52
815,,Wolfgang,"Glasgow, Scotland, UK",186,116,,7,56
816,,Carlito,"San Juan, Puerto Rico, USA",178,100,,6.99,497
817,,Jake Hager,"Perry, Oklahoma, USA",193,130,,6.99,567
818,,Jimmy Yang,"Los Angeles, California, USA",175,93,,6.98,284
819,,Hernandez,"Houston, Texas, USA",188,134,,6.98,243
820,,Josh Raymond,"Kalamazoo, Michigan, USA",175,83,,6.97,31
821,,Bobby Gunns,"Heilbad Heiligenstadt, Thüringen, Deutschland",179,92,,6.97,63
822,,Terry Frazier,"East London, England, UK",185,77,,6.96,25
823,,Ted DiBiase Jr.,"Baton Rouge, Louisiana, USA",188,107,,6.95,330
824,,Sid Vicious,"West Memphis, Arkansas, USA",206,142,,6.94,263
825,,Shotzi,"California, USA",167,57,,6.94,82
826,,John Kronus,"Everett, Massachusetts, USA",191,116,,6.93,44
827,,Doug Furnas,"Miami, Oklahoma, USA",180,110,,6.93,40
828,,Aron Stevens,"Worcester, Massachusetts, USA",193,110,,6.93,320
829,,Todd Pettengill,"Hagaman, New York, USA",183,79,,6.92,25
830,,Batista,"Arlington, Virginia, USA",196,126,,6.92,1094
831,,Joaquin Wilde,"Los Angeles, California, USA",170,77,,6.92,132
832,,Christian Bruns,"Bocholt, Nordrhein-Westfalen, Deutschland",,,,6.91,90
833,,Jody Fleisch,"London, England, UK",177,70,,6.91,54
834,,Afa,Samoa,188,148,,6.9,59
835,,Nikki Roxx,"Melrose, New Hampshire, USA",175,64,,6.9,80
836,,Patriot,"Columbia, South Carolina, USA",190,118,,6.9,41
837,,Matt Striker,"New York City, New York, USA",178,98,,6.9,300
838,,K-ness,"Tokyo, Japan",172,74,,6.9,28
839,,Togi Makabe,"Sagamihara, Kanagawa, Japan",181,110,,6.9,173
840,,Saya Iida,"Kashiwa, Chiba, Japan",145,54,,6.9,50
841,,Mina Shirakawa,"Tokyo, Japan",157,,,6.89,27
842,,Blitzkrieg,"California, USA",165,73,,6.89,27
843,,X-Dream,"Köln, Nordrhein-Westfalen, Deutschland",183,80,,6.89,72
844,,Abdullah Kobayashi,"Chikuma, Nagano, Japan",175,165,,6.89,62
845,,Nick Aldis,"King's Lynn, Norfolk, England, UK",192,110,,6.89,181
846,,BUSHI,"Tokyo, Japan",172,83,,6.89,159
847,,Yokozuna,"San Francisco, California, USA",193,290,,6.88,258
848,,Stevie Richards,"Philadelphia, Pennsylvania, USA",187,100,,6.88,223
849,,Nicho,"Tijuana, Baja California, Mexiko",180,91,,6.88,133
850,,YOH,"Kurihara, Miyagi, Japan",171,85,,6.88,96
851,,Nick Gage,"Salt Lake City, Utah, USA",178,91,,6.87,123
852,,Fabio Ferrari,"Genua, Italien",187,101,,6.87,30
853,,Celeste Bonin,"Houston, Texas, USA",165,58,,6.86,148
854,,Maryse,"Montreal, Quebec, Canada",173,52,,6.86,345
855,,Delirious,"Missouri, USA",178,91,,6.85,181
856,,Yoshiaki Yago,"Imizu, Toyama, Japan",187,100,,6.85,26
857,,Dustin Rhodes,"Austin, Texas, USA",193,107,,6.85,637
858,,Ricky Morton,"Nashville, Tennessee, USA",180,103,,6.84,63
859,,Kenny King,"Orlando, Florida, USA",183,104,,6.84,115
860,,Big E,"Tampa, Florida, USA",180,130,,6.84,416
861,,Mascarita Dorada,"Veracruz, Mexiko",134,48,,6.83,58
862,,Kid Kash,"Waynesboro, West Virginia, USA",175,93,,6.83,132
863,,Iron Sheik,"Damghan, Provinz Semnan, Iran",183,117,,6.83,157
864,,Bunny,"Toronto, Ontario, Canada",168,54,,6.83,89
865,,Xavier Woods,"Marietta, Georgia, USA",175,93,,6.83,367
866,,Aykut Artan,"Istanbul, Türkei",188,107,,6.82,27
867,,Flip Gordon,"Kalispell, Montana, USA",178,88,,6.82,65
868,,Bob Backlund,"Princeton, Minnesota, USA",185,109,,6.82,190
869,,Wendi Richter,"Dallas, Texas, USA",173,64,,6.8,34
870,,Jimmy Lloyd,"New Jersey, USA",178,100,,6.8,29
871,,Erick Stevens,"Sarasota, Florida, USA",183,86,,6.79,95
872,,Necro Butcher,"Morgantown, West Virginia, USA",185,105,,6.79,181
873,,Icarus,"Pennsylvania, USA",178,83,,6.79,56
874,,Roman Reigns,"Pensacola, Florida, USA",190,120,,6.79,1000
875,,Arik Cannon,"Chicago, Illinois, USA",175,92,,6.78,57
876,,Taeler Hendrix,"New Bedford, Massachusetts, USA",170,57,,6.78,40
877,,Joseph Conners,"Nottingham, Nottinghamshire, England, UK",185,89,,6.78,53
878,,Teoman,"Berlin, Deutschland",182,82,,6.78,90
879,,Moose,"Seabrook, Maryland, USA",196,136,,6.78,117
880,,Messiah,"Detroit, Michigan, USA",185,96,,6.77,29
881,,Fabulous Moolah,"Kershaw County, South Carolina, USA",165,63,,6.77,94
882,,Himeka,"Iwate, Japan",171,,,6.77,25
883,,Makoto Oishi,"Fuji, Shizuoka, Japan",170,75,,6.77,25
884,,Desean Pratt,"Pennsauken, New Jersey, USA",175,81,,6.76,40
885,,Pascal Spalter,"Berlin, Deutschland",191,141,,6.76,33
886,,Tony Schiavone,"Craigsville, Virginia, USA",178,85,,6.76,82
887,,Taichi,"Ishikari, Hokkaido, Japan",177,100,,6.76,239
888,,Demolition Ax,"Brownsville, Pennsylvania, USA",192,132,,6.75,76
889,,Chris Guy,"Chicago, Illinois, USA",175,96,,6.75,54
890,,Jigsaw,"New York City, New York, USA",188,86,,6.75,95
891,,Saki Kashima,"Masuda, Shimane, Japan",163,50,,6.75,55
892,,Yota Tsuji,"Yokohama, Kanegawa, Japan",182,91,,6.75,27
893,,Sgt. Slaughter,"Detroit, Michigan, USA",196,138,,6.72,177
894,,Rain,"Sacramento, California, USA",168,58,,6.72,38
895,,Jey Uso,"San Francisco, California, USA",188,109,,6.71,193
896,,Peter Avalon,"Carson City, Nevada, USA",178,75,,6.71,37
897,,Jaki Numazawa,"Honjo, Saitama, Japan",174,100,,6.71,34
898,,Thunder,"England, UK",187,130,,6.7,26
899,,John Walters,"Framingham, Massachusetts, USA",183,102,,6.7,29
900,,Matt Borne,"North Carolina, USA",183,110,,6.7,147
901,,Todd Grisham,"Hattiesburg, Mississippi, USA",185,73,,6.69,99
902,,Gerald Brisco,"Oklahoma City, Oklahoma, USA",188,95,,6.69,48
903,,James Drake,"Blackpool, Lancashire, England, UK",181,81,,6.69,35
904,,Tiger Mask,"Urayasu, Chiba, Japan",173,85,,6.69,130
905,,Michael Modest,"Berkeley, California, USA",178,102,,6.68,27
906,,Sexxxy Eddy,"Montreal, Quebec, Canada",185,90,,6.68,43
907,,Jimmy Rave,"Atlanta, Georgia, USA",173,94,,6.67,84
908,,Bo Jones,"Elmshorn, Schleswig-Holstein, Deutschland",186,92,,6.67,69
909,,Taryn Terrell,"New Orleans, Louisiana, USA",167,57,,6.67,107
910,,Kaleb With A K,"Cartersville, Georgia, USA",183,94,,6.67,35
911,,Pat Patterson,"Montreal, Quebec, Canada",178,111,,6.66,72
912,,Chris Candido,"Edison, New Jersey, USA",175,105,,6.66,105
913,,Stephanie McMahon,"Hartford, Connecticut, USA",173,65,,6.66,389
914,,Jessy Sorensen,"Katy, Texas, USA",178,94,,6.66,28
915,,Drake Maverick,"Birmingham, England, UK",163,64,,6.66,130
916,,Matt Taven,"Derry, New Hampshire, USA",188,99,,6.66,91
917,,Session Moth Martina,"Dublin, Ireland",167,63,,6.66,46
918,,Juventud Guerrera,"Mexico City, Distrito Federal, Mexiko",165,80,,6.65,157
919,,Marty Jannetty,"Columbus, Georgia, USA",181,104,,6.65,205
920,,Mikey Nicholls,"Perth, Western Australia, Australia",185,106,,6.65,47
921,,Brian Pillman Jr.,"Cincinnati, Ohio, USA",185,93,,6.65,45
922,,Mike Tenay,"Los Angeles, California, USA",175,82,,6.64,124
923,,Madison Rayne,"Columbus, Ohio, USA",160,52,,6.64,127
924,,Rambo,"Montreal, Quebec, Canada",195,130,,6.64,32
925,,YOSHI-HASHI,"Togo, Aichi, Japan",180,102,,6.64,199
926,,Torrie Wilson,"Boise, Idaho, USA",176,58,,6.63,237
927,,Jay Skillet,"Solingen, Nordrhein-Westfalen, Deutschland",178,83,,6.63,26
928,,Petey Williams,"Windsor, Ontario, Canada",170,80,,6.63,196
929,,Kikutaro,"Osaka, Japan",168,105,,6.63,51
930,,Lince Dorado,"East Pennsauken, New Jersey, USA",170,77,,6.63,122
931,,Karrion Kross,"New York City, New Cork, USA",194,120,,6.63,111
932,,Silver King,"Torreon, Coahuila, Mexiko",176,98,,6.62,36
933,,Sandman,"Philadelphia, Pennsylvania, USA",188,111,,6.62,313
934,,Sean O'Haire,"Hilton Head Island, South Carolina, USA",198,122,,6.62,124
935,,Jimmy Uso,"San Francisco, California, USA",188,109,,6.62,185
936,,Tom Phillips,"Philadelphia, Pennsylvania, USA",183,,,6.61,60
937,,Aubrey Edwards,"Seattle, Washington, USA",,,,6.61,40
938,,Hellvetic Warrior,"Zürich, Schweiz",180,112,,6.61,30
939,,Crazzy Steve,"Montreal, Quebec, Canada",178,91,,6.61,50
940,,Veda Scott,"Providence, Rhode Island, USA",155,52,,6.61,48
941,,Jessica McKay,"Sydney, New South Wales, Australia",178,60,,6.61,142
942,,Gigi Dolin,"Douglasville, Georgia, USA",165,52,,6.61,32
943,,Evil Uno,"Gatineau, Quebec, Canada",180,100,,6.6,100
944,,Joey Janela,"Hazlet Township, New Jersey, USA",173,83,,6.6,155
945,,Cloudy,"Webster Hall, New York, USA",164,68,,6.59,53
946,,David Finlay,"Achim, Niedersachsen, Deutschland",182,95,,6.59,134
947,,Sika,"Leone, Samoa",188,145,,6.58,30
948,,Dan Spivey,"Griffin, Georgia, USA",203,127,,6.58,77
949,,Iceman,"Bishop Auckland, Durham, England, UK",183,127,,6.58,25
950,,Tom LaRuffa,"Nizza, Alpes-Maritimes, Frankreich",180,91,,6.58,35
951,,Joe Gacy,"Franklinville, New Jersey, USA",183,113,,6.57,41
952,,Ivan Koloff,"Ontario, Canada",178,113,,6.56,53
953,,Big John Studd,"Butler, Pennsylvania, USA",208,165,,6.56,84
954,,Jazzy Gabert,"Berlin, Deutschland",186,88,,6.56,97
955,,Slick,"Fort Worth, Texas, USA",193,90,,6.55,59
956,,Super Crazy,"Tulancingo, Hidalgo, Mexiko",173,98,,6.55,185
957,,Col. Robert Parker,"Dyersburg, Tennessee, USA",193,109,,6.54,36
958,,Monty Brown,"Bridgeport, Michigan, USA",187,125,,6.54,163
959,,Earthquake,"Surrey, British Columbia, Canada",198,210,,6.54,182
960,,Charlie Haas,"Houston, Texas, USA",188,110,,6.54,273
961,,Don Fujii,"Minoh, Osaka, Japan",175,105,,6.54,34
962,,Leon Ruff,"Pensacola, Florida, USA",,,,6.53,29
963,,Al Snow,"Lima, Ohio, USA",185,107,,6.53,202
964,,Scott Norton,"Minneapolis, Minnesota, USA",191,160,,6.53,112
965,,Fallah Bahh,"Bloomfield, New Jersey, USA",180,193,,6.53,29
966,,Eric Young,"Florence, Ontario, Canada",183,102,,6.53,338
967,,Ariel,"Chino, California, USA",165,61,,6.52,137
968,,Armando Estrada,"Chicago, Illinois, USA",188,107,,6.52,148
969,,Penelope Ford,"Phoenix, Arizona, USA",,,,6.52,83
970,,Havok,"Canton, Ohio, USA",183,120,,6.52,57
971,,Marc Roudin,"Basel, Schweiz",173,82,,6.51,76
972,,Brad Armstrong,"Marietta, Georgia, USA",183,106,,6.51,56
973,,Anna Jay,"Brunswick, Georgia, USA",173,65,,6.51,56
974,,Michael Hayes,"Pensacola, Florida, USA",185,107,,6.51,88
975,,Matt Rehwoldt,"Chicago, Illinois, USA",190,98,,6.5,187
976,,Ivan Putski,"Krakau, Kleinpolen, Polen",175,110,,6.5,33
977,,Zelina Vega,"New York City, New York, USA",154,48,,6.5,115
978,,Great-O-Khan,"Maebashi, Gunma, Japan",185,110,,6.5,71
979,,Teddy Hart,"Calgary, Alberta, Canada",183,85,,6.49,132
980,,Catrina,"Tampa, Florida, USA",163,54,,6.48,68
981,,Nikita Koloff,"Minneapolis, Minnesota, USA",188,122,,6.48,45
982,,Dan Severn,"Coldwater, Michigan, USA",188,123,,6.47,54
983,,Teddy Long,"Birmingham, Alabama, USA",178,73,,6.46,218
984,,Max Boyer,"Longueuil, Quebec, Canada",173,77,,6.46,25
985,,Karsten Beck,"Bottrop, Nordrhein-Westfalen, Deutschland",181,106,,6.46,141
986,,Lars Sullivan,"Westminster, Colorado, USA",190,137,,6.46,73
987,,Brooklyn Brawler,"New York City, New York, USA",183,109,,6.46,143
988,,Chelsea Green,"Victoria, British Columbia, Canada",170,57,,6.46,53
989,,Rachael Ellering,"Sauk Centre, Minnesota, USA",168,64,,6.46,25
990,,Shawn Spears,"St. Catharines, Ontario, Canada",191,107,,6.46,248
991,,Chad Collyer,"Liberty, Indiana, USA",174,97,,6.45,39
992,,Rezar,Albanien,194,140,,6.45,50
993,,Sonya Deville,"New Jersey, USA",170,59,,6.45,103
994,,Pinkie Sanchez,"New York, New York, USA",180,77,,6.44,35
995,,Greg Valentine,"Seattle, Washington, USA",180,113,,6.44,136
996,,Nyla Rose,"Washington, District Of Columbia, USA",175,77,,6.43,109
997,,Nate Webb,"Indianapolis, Indiana, USA",188,84,,6.42,47
998,,Blackjack Mulligan,"Sweetwater, Texas, USA",198,157,,6.42,30
999,,Sha Samuels,"London, England, UK",185,107,,6.42,52
1000,,Gamma,"Iwaki, Fukushima, Japan",170,80,,6.42,30
